
--Inserir os valores na tabela C_TipoBarco,(12) 
INSERT INTO CruzeirosDB.C_TipoBarco([nomeTipoBarco],[maxBilhetes],[classificacao]) VALUES('Argos',100,4);
INSERT INTO CruzeirosDB.C_TipoBarco([nomeTipoBarco],[maxBilhetes],[classificacao]) VALUES('Cranchi',175,3);
INSERT INTO CruzeirosDB.C_TipoBarco([nomeTipoBarco],[maxBilhetes],[classificacao]) VALUES('Fletcher',170,4);
INSERT INTO CruzeirosDB.C_TipoBarco([nomeTipoBarco],[maxBilhetes],[classificacao]) VALUES('Johnson',150,5);
INSERT INTO CruzeirosDB.C_TipoBarco([nomeTipoBarco],[maxBilhetes],[classificacao]) VALUES('Rinker',150,3);
INSERT INTO CruzeirosDB.C_TipoBarco([nomeTipoBarco],[maxBilhetes],[classificacao]) VALUES('Dufour',200,3);
INSERT INTO CruzeirosDB.C_TipoBarco([nomeTipoBarco],[maxBilhetes],[classificacao]) VALUES('Karnic',250,5);
INSERT INTO CruzeirosDB.C_TipoBarco([nomeTipoBarco],[maxBilhetes],[classificacao]) VALUES('Bayliner',190,4);
INSERT INTO CruzeirosDB.C_TipoBarco([nomeTipoBarco],[maxBilhetes],[classificacao]) VALUES('FibraMar',150,3);
INSERT INTO CruzeirosDB.C_TipoBarco([nomeTipoBarco],[maxBilhetes],[classificacao]) VALUES('SeaDoo',190,4);
INSERT INTO CruzeirosDB.C_TipoBarco([nomeTipoBarco],[maxBilhetes],[classificacao]) VALUES('Gobbi',100,3);
INSERT INTO CruzeirosDB.C_TipoBarco([nomeTipoBarco],[maxBilhetes],[classificacao]) VALUES('RiaMar',110,5);
INSERT INTO CruzeirosDB.C_TipoBarco([nomeTipoBarco],[maxBilhetes],[classificacao]) VALUES('Suzuki',180,4);

--Inserir os valores na tabela C_Barco,(50)
insert into CruzeirosDB.C_Barco (numTotalBilhetes,nomeBarco, codigoBarco, C_TipoBarco_nomeTipoBarco) values (94 ,'Kovacek Inc', 9, 'SeaDoo');
insert into CruzeirosDB.C_Barco (numTotalBilhetes,nomeBarco, codigoBarco, C_TipoBarco_nomeTipoBarco) values (86 ,'Swaniawski ', 10, 'Fletcher');
insert into CruzeirosDB.C_Barco (numTotalBilhetes,nomeBarco, codigoBarco, C_TipoBarco_nomeTipoBarco) values (55 ,'Parisian   ', 11, 'Argos');
insert into CruzeirosDB.C_Barco (numTotalBilhetes,nomeBarco, codigoBarco, C_TipoBarco_nomeTipoBarco) values (87 ,'Hickle     ', 12, 'Cranchi');
insert into CruzeirosDB.C_Barco (numTotalBilhetes,nomeBarco, codigoBarco, C_TipoBarco_nomeTipoBarco) values (95 ,'Heane      ', 13, 'Johnson');
insert into CruzeirosDB.C_Barco (numTotalBilhetes,nomeBarco, codigoBarco, C_TipoBarco_nomeTipoBarco) values (61 ,'Farrell    ', 14, 'Rinker');
insert into CruzeirosDB.C_Barco (numTotalBilhetes,nomeBarco, codigoBarco, C_TipoBarco_nomeTipoBarco) values (93 ,'Tillman    ', 15, 'Dufour');
insert into CruzeirosDB.C_Barco (numTotalBilhetes,nomeBarco, codigoBarco, C_TipoBarco_nomeTipoBarco) values (79 ,'Schaden    ', 16, 'Karnic');
insert into CruzeirosDB.C_Barco (numTotalBilhetes,nomeBarco, codigoBarco, C_TipoBarco_nomeTipoBarco) values (63 ,'Zboncak    ', 17, 'SeaDoo');
insert into CruzeirosDB.C_Barco (numTotalBilhetes,nomeBarco, codigoBarco, C_TipoBarco_nomeTipoBarco) values (78 ,'Muller     ', 18, 'Fletcher');
insert into CruzeirosDB.C_Barco (numTotalBilhetes,nomeBarco, codigoBarco, C_TipoBarco_nomeTipoBarco) values (93 ,'Sanford    ', 19, 'Argos');
insert into CruzeirosDB.C_Barco (numTotalBilhetes,nomeBarco, codigoBarco, C_TipoBarco_nomeTipoBarco) values (61 ,'Olson      ', 20, 'Cranchi');
insert into CruzeirosDB.C_Barco (numTotalBilhetes,nomeBarco, codigoBarco, C_TipoBarco_nomeTipoBarco) values (53 ,'Krajcik    ', 21, 'Johnson');
insert into CruzeirosDB.C_Barco (numTotalBilhetes,nomeBarco, codigoBarco, C_TipoBarco_nomeTipoBarco) values (75 ,'Tromp      ', 22, 'Johnson');
insert into CruzeirosDB.C_Barco (numTotalBilhetes,nomeBarco, codigoBarco, C_TipoBarco_nomeTipoBarco) values (81 ,'Crist      ', 23, 'Rinker');
insert into CruzeirosDB.C_Barco (numTotalBilhetes,nomeBarco, codigoBarco, C_TipoBarco_nomeTipoBarco) values (75 ,'Block      ', 24, 'Dufour');
insert into CruzeirosDB.C_Barco (numTotalBilhetes,nomeBarco, codigoBarco, C_TipoBarco_nomeTipoBarco) values (64 ,'Waelchi    ', 25, 'Karnic');
insert into CruzeirosDB.C_Barco (numTotalBilhetes,nomeBarco, codigoBarco, C_TipoBarco_nomeTipoBarco) values (74 ,'Miller     ', 26, 'Fletcher');
insert into CruzeirosDB.C_Barco (numTotalBilhetes,nomeBarco, codigoBarco, C_TipoBarco_nomeTipoBarco) values (82 ,'Prosacco   ', 27, 'Argos');
insert into CruzeirosDB.C_Barco (numTotalBilhetes,nomeBarco, codigoBarco, C_TipoBarco_nomeTipoBarco) values (94 ,'Zemlak     ', 28, 'Karnic');
insert into CruzeirosDB.C_Barco (numTotalBilhetes,nomeBarco, codigoBarco, C_TipoBarco_nomeTipoBarco) values (86 ,'Leffler    ', 29, 'Gobbi');
insert into CruzeirosDB.C_Barco (numTotalBilhetes,nomeBarco, codigoBarco, C_TipoBarco_nomeTipoBarco) values (75 ,'Langosh    ', 30, 'Gobbi');
insert into CruzeirosDB.C_Barco (numTotalBilhetes,nomeBarco, codigoBarco, C_TipoBarco_nomeTipoBarco) values (99 ,'Friesen    ', 31, 'RiaMar');
insert into CruzeirosDB.C_Barco (numTotalBilhetes,nomeBarco, codigoBarco, C_TipoBarco_nomeTipoBarco) values (93 ,'Simonis    ', 1, 'Argos');
insert into CruzeirosDB.C_Barco (numTotalBilhetes,nomeBarco, codigoBarco, C_TipoBarco_nomeTipoBarco) values (59 ,'Stracke    ', 2, 'Cranchi');
insert into CruzeirosDB.C_Barco (numTotalBilhetes,nomeBarco, codigoBarco, C_TipoBarco_nomeTipoBarco) values (72 ,'Koss       ', 3, 'Johnson');
insert into CruzeirosDB.C_Barco (numTotalBilhetes,nomeBarco, codigoBarco, C_TipoBarco_nomeTipoBarco) values (66 ,'Rogahn     ', 4, 'Rinker');
insert into CruzeirosDB.C_Barco (numTotalBilhetes,nomeBarco, codigoBarco, C_TipoBarco_nomeTipoBarco) values (57 ,'Pfeffer    ', 5, 'Dufour');
insert into CruzeirosDB.C_Barco (numTotalBilhetes,nomeBarco, codigoBarco, C_TipoBarco_nomeTipoBarco) values (73 ,'Hessel     ', 6, 'Karnic');
insert into CruzeirosDB.C_Barco (numTotalBilhetes,nomeBarco, codigoBarco, C_TipoBarco_nomeTipoBarco) values (94 ,'Keefe      ', 7, 'FibraMar');
insert into CruzeirosDB.C_Barco (numTotalBilhetes,nomeBarco, codigoBarco, C_TipoBarco_nomeTipoBarco) values (66 ,'Russel     ', 8, 'FibraMar');
insert into CruzeirosDB.C_Barco (numTotalBilhetes,nomeBarco, codigoBarco, C_TipoBarco_nomeTipoBarco) values (98 ,'Feene      ', 32, 'RiaMar');
insert into CruzeirosDB.C_Barco (numTotalBilhetes,nomeBarco, codigoBarco, C_TipoBarco_nomeTipoBarco) values (69 ,'Greenfelder', 33, 'Suzuki');
insert into CruzeirosDB.C_Barco (numTotalBilhetes,nomeBarco, codigoBarco, C_TipoBarco_nomeTipoBarco) values (74 ,'Zemlak     ', 34, 'Suzuki');
insert into CruzeirosDB.C_Barco (numTotalBilhetes,nomeBarco, codigoBarco, C_TipoBarco_nomeTipoBarco) values (67 ,'Ebert      ', 35, 'Suzuki');
insert into CruzeirosDB.C_Barco (numTotalBilhetes,nomeBarco, codigoBarco, C_TipoBarco_nomeTipoBarco) values (86 ,'Ferry      ', 36, 'Fletcher');
insert into CruzeirosDB.C_Barco (numTotalBilhetes,nomeBarco, codigoBarco, C_TipoBarco_nomeTipoBarco) values (93 ,'Grimes     ', 37, 'Argos');
insert into CruzeirosDB.C_Barco (numTotalBilhetes,nomeBarco, codigoBarco, C_TipoBarco_nomeTipoBarco) values (99 ,'Schamberger', 38, 'Cranchi');
insert into CruzeirosDB.C_Barco (numTotalBilhetes,nomeBarco, codigoBarco, C_TipoBarco_nomeTipoBarco) values (85 ,'Dare       ', 39, 'Johnson');
insert into CruzeirosDB.C_Barco (numTotalBilhetes,nomeBarco, codigoBarco, C_TipoBarco_nomeTipoBarco) values (91 ,'Cremin     ', 40, 'Johnson');
insert into CruzeirosDB.C_Barco (numTotalBilhetes,nomeBarco, codigoBarco, C_TipoBarco_nomeTipoBarco) values (59 ,'Torphy     ', 41, 'Dufour');
insert into CruzeirosDB.C_Barco (numTotalBilhetes,nomeBarco, codigoBarco, C_TipoBarco_nomeTipoBarco) values (53 ,'Kiehn      ', 42, 'Karnic');
insert into CruzeirosDB.C_Barco (numTotalBilhetes,nomeBarco, codigoBarco, C_TipoBarco_nomeTipoBarco) values (71 ,'Heller     ', 43, 'Suzuki');
insert into CruzeirosDB.C_Barco (numTotalBilhetes,nomeBarco, codigoBarco, C_TipoBarco_nomeTipoBarco) values (72 ,'White      ', 44, 'Suzuki');
insert into CruzeirosDB.C_Barco (numTotalBilhetes,nomeBarco, codigoBarco, C_TipoBarco_nomeTipoBarco) values (54 ,'Roberts    ', 45, 'Cranchi');
insert into CruzeirosDB.C_Barco (numTotalBilhetes,nomeBarco, codigoBarco, C_TipoBarco_nomeTipoBarco) values (70 ,'Schmidt-Joh', 46, 'Argos');
insert into CruzeirosDB.C_Barco (numTotalBilhetes,nomeBarco, codigoBarco, C_TipoBarco_nomeTipoBarco) values (98 ,'Jakubowski ', 47, 'Fletcher');
insert into CruzeirosDB.C_Barco (numTotalBilhetes,nomeBarco, codigoBarco, C_TipoBarco_nomeTipoBarco) values (65 ,'Sipes      ', 48, 'Johnson');
insert into CruzeirosDB.C_Barco (numTotalBilhetes,nomeBarco, codigoBarco, C_TipoBarco_nomeTipoBarco) values (57 ,'Parker     ', 49, 'Johnson');
insert into CruzeirosDB.C_Barco (numTotalBilhetes,nomeBarco, codigoBarco, C_TipoBarco_nomeTipoBarco) values (67 ,'Auer-Spinka', 50, 'Dufour');

--Inserir os valores na tabela C_Cruzeiro,(50) 
insert into CruzeirosDB.C_Cruzeiro (C_Barco_codigoBarco, dataEmbarque, dataDesembarque, vagas, numCruzeiro) values ( 4, '2021-08-21', '2021-11-29', 49, 1);
insert into CruzeirosDB.C_Cruzeiro (C_Barco_codigoBarco, dataEmbarque, dataDesembarque, vagas, numCruzeiro) values (38, '2021-08-26', '2021-11-20', 40, 2);
insert into CruzeirosDB.C_Cruzeiro (C_Barco_codigoBarco, dataEmbarque, dataDesembarque, vagas, numCruzeiro) values (50, '2021-08-24', '2021-10-29', 47, 3);
insert into CruzeirosDB.C_Cruzeiro (C_Barco_codigoBarco, dataEmbarque, dataDesembarque, vagas, numCruzeiro) values (41, '2021-09-29', '2021-11-10', 40, 4);
insert into CruzeirosDB.C_Cruzeiro (C_Barco_codigoBarco, dataEmbarque, dataDesembarque, vagas, numCruzeiro) values (49, '2021-09-09', '2021-11-03', 41, 5);
insert into CruzeirosDB.C_Cruzeiro (C_Barco_codigoBarco, dataEmbarque, dataDesembarque, vagas, numCruzeiro) values (37, '2021-09-20', '2021-10-28', 44, 6);
insert into CruzeirosDB.C_Cruzeiro (C_Barco_codigoBarco, dataEmbarque, dataDesembarque, vagas, numCruzeiro) values ( 6, '2021-08-27', '2021-10-18', 49, 7);
insert into CruzeirosDB.C_Cruzeiro (C_Barco_codigoBarco, dataEmbarque, dataDesembarque, vagas, numCruzeiro) values (20, '2021-08-15', '2021-10-21', 40, 8);
insert into CruzeirosDB.C_Cruzeiro (C_Barco_codigoBarco, dataEmbarque, dataDesembarque, vagas, numCruzeiro) values (46, '2021-08-25', '2021-12-01', 43, 9);
insert into CruzeirosDB.C_Cruzeiro (C_Barco_codigoBarco, dataEmbarque, dataDesembarque, vagas, numCruzeiro) values (14, '2021-08-31', '2021-10-29', 47, 10);
insert into CruzeirosDB.C_Cruzeiro (C_Barco_codigoBarco, dataEmbarque, dataDesembarque, vagas, numCruzeiro) values (19, '2021-09-20', '2021-10-03', 47, 11);
insert into CruzeirosDB.C_Cruzeiro (C_Barco_codigoBarco, dataEmbarque, dataDesembarque, vagas, numCruzeiro) values (42, '2021-08-09', '2021-10-06', 42, 12);
insert into CruzeirosDB.C_Cruzeiro (C_Barco_codigoBarco, dataEmbarque, dataDesembarque, vagas, numCruzeiro) values (33, '2021-08-13', '2021-11-24', 47, 13);
insert into CruzeirosDB.C_Cruzeiro (C_Barco_codigoBarco, dataEmbarque, dataDesembarque, vagas, numCruzeiro) values (11, '2021-08-01', '2021-10-22', 42, 14);
insert into CruzeirosDB.C_Cruzeiro (C_Barco_codigoBarco, dataEmbarque, dataDesembarque, vagas, numCruzeiro) values (21, '2021-09-03', '2021-10-04', 41, 15);
insert into CruzeirosDB.C_Cruzeiro (C_Barco_codigoBarco, dataEmbarque, dataDesembarque, vagas, numCruzeiro) values ( 1, '2021-09-07', '2021-11-08', 45, 16);
insert into CruzeirosDB.C_Cruzeiro (C_Barco_codigoBarco, dataEmbarque, dataDesembarque, vagas, numCruzeiro) values (22, '2021-08-22', '2021-11-14', 45, 17);
insert into CruzeirosDB.C_Cruzeiro (C_Barco_codigoBarco, dataEmbarque, dataDesembarque, vagas, numCruzeiro) values (46, '2021-08-10', '2021-11-18', 40, 18);
insert into CruzeirosDB.C_Cruzeiro (C_Barco_codigoBarco, dataEmbarque, dataDesembarque, vagas, numCruzeiro) values (45, '2021-09-12', '2021-11-07', 40, 19);
insert into CruzeirosDB.C_Cruzeiro (C_Barco_codigoBarco, dataEmbarque, dataDesembarque, vagas, numCruzeiro) values ( 5, '2021-08-06', '2021-11-07', 47, 20);
insert into CruzeirosDB.C_Cruzeiro (C_Barco_codigoBarco, dataEmbarque, dataDesembarque, vagas, numCruzeiro) values (17, '2021-08-24', '2021-11-17', 43, 21);
insert into CruzeirosDB.C_Cruzeiro (C_Barco_codigoBarco, dataEmbarque, dataDesembarque, vagas, numCruzeiro) values (24, '2021-08-31', '2021-11-24', 49, 22);
insert into CruzeirosDB.C_Cruzeiro (C_Barco_codigoBarco, dataEmbarque, dataDesembarque, vagas, numCruzeiro) values (25, '2021-08-30', '2021-11-24', 44, 23);
insert into CruzeirosDB.C_Cruzeiro (C_Barco_codigoBarco, dataEmbarque, dataDesembarque, vagas, numCruzeiro) values (34, '2021-08-24', '2021-11-20', 48, 24);
insert into CruzeirosDB.C_Cruzeiro (C_Barco_codigoBarco, dataEmbarque, dataDesembarque, vagas, numCruzeiro) values (11, '2021-08-29', '2021-10-25', 43, 25);
insert into CruzeirosDB.C_Cruzeiro (C_Barco_codigoBarco, dataEmbarque, dataDesembarque, vagas, numCruzeiro) values (12, '2021-08-24', '2021-11-24', 40, 26);
insert into CruzeirosDB.C_Cruzeiro (C_Barco_codigoBarco, dataEmbarque, dataDesembarque, vagas, numCruzeiro) values ( 3, '2021-08-15', '2021-11-09', 46, 27);
insert into CruzeirosDB.C_Cruzeiro (C_Barco_codigoBarco, dataEmbarque, dataDesembarque, vagas, numCruzeiro) values ( 6, '2021-08-18', '2021-11-20', 44, 28);
insert into CruzeirosDB.C_Cruzeiro (C_Barco_codigoBarco, dataEmbarque, dataDesembarque, vagas, numCruzeiro) values ( 8, '2021-08-29', '2021-10-26', 47, 29);
insert into CruzeirosDB.C_Cruzeiro (C_Barco_codigoBarco, dataEmbarque, dataDesembarque, vagas, numCruzeiro) values ( 7, '2021-09-03', '2021-11-25', 41, 30);
insert into CruzeirosDB.C_Cruzeiro (C_Barco_codigoBarco, dataEmbarque, dataDesembarque, vagas, numCruzeiro) values (19, '2021-09-28', '2021-10-02', 45, 31);
insert into CruzeirosDB.C_Cruzeiro (C_Barco_codigoBarco, dataEmbarque, dataDesembarque, vagas, numCruzeiro) values (10, '2021-08-01', '2021-10-11', 44, 32);
insert into CruzeirosDB.C_Cruzeiro (C_Barco_codigoBarco, dataEmbarque, dataDesembarque, vagas, numCruzeiro) values ( 9, '2021-09-20', '2021-10-19', 47, 33);
insert into CruzeirosDB.C_Cruzeiro (C_Barco_codigoBarco, dataEmbarque, dataDesembarque, vagas, numCruzeiro) values (27, '2021-08-13', '2021-10-02', 48, 34);
insert into CruzeirosDB.C_Cruzeiro (C_Barco_codigoBarco, dataEmbarque, dataDesembarque, vagas, numCruzeiro) values ( 8, '2021-08-15', '2021-10-15', 45, 35);
insert into CruzeirosDB.C_Cruzeiro (C_Barco_codigoBarco, dataEmbarque, dataDesembarque, vagas, numCruzeiro) values ( 6, '2021-09-10', '2021-11-21', 44, 36);
insert into CruzeirosDB.C_Cruzeiro (C_Barco_codigoBarco, dataEmbarque, dataDesembarque, vagas, numCruzeiro) values (45, '2021-09-22', '2021-11-22', 40, 37);
insert into CruzeirosDB.C_Cruzeiro (C_Barco_codigoBarco, dataEmbarque, dataDesembarque, vagas, numCruzeiro) values (43, '2021-08-27', '2021-11-16', 44, 38);
insert into CruzeirosDB.C_Cruzeiro (C_Barco_codigoBarco, dataEmbarque, dataDesembarque, vagas, numCruzeiro) values (31, '2021-08-03', '2021-12-01', 41, 39);
insert into CruzeirosDB.C_Cruzeiro (C_Barco_codigoBarco, dataEmbarque, dataDesembarque, vagas, numCruzeiro) values (34, '2021-08-15', '2021-10-13', 47, 40);
insert into CruzeirosDB.C_Cruzeiro (C_Barco_codigoBarco, dataEmbarque, dataDesembarque, vagas, numCruzeiro) values (27, '2021-08-22', '2021-10-03', 43, 41);
insert into CruzeirosDB.C_Cruzeiro (C_Barco_codigoBarco, dataEmbarque, dataDesembarque, vagas, numCruzeiro) values (33, '2021-09-10', '2021-10-24', 44, 42);
insert into CruzeirosDB.C_Cruzeiro (C_Barco_codigoBarco, dataEmbarque, dataDesembarque, vagas, numCruzeiro) values (25, '2021-09-22', '2021-10-12', 42, 43);
insert into CruzeirosDB.C_Cruzeiro (C_Barco_codigoBarco, dataEmbarque, dataDesembarque, vagas, numCruzeiro) values (11, '2021-09-04', '2021-10-15', 45, 44);
insert into CruzeirosDB.C_Cruzeiro (C_Barco_codigoBarco, dataEmbarque, dataDesembarque, vagas, numCruzeiro) values (14, '2021-09-14', '2021-10-03', 40, 45);
insert into CruzeirosDB.C_Cruzeiro (C_Barco_codigoBarco, dataEmbarque, dataDesembarque, vagas, numCruzeiro) values (50, '2021-09-05', '2021-11-24', 46, 46);
insert into CruzeirosDB.C_Cruzeiro (C_Barco_codigoBarco, dataEmbarque, dataDesembarque, vagas, numCruzeiro) values ( 8, '2021-09-02', '2021-11-13', 46, 47);
insert into CruzeirosDB.C_Cruzeiro (C_Barco_codigoBarco, dataEmbarque, dataDesembarque, vagas, numCruzeiro) values (26, '2021-09-20', '2021-10-27', 44, 48);
insert into CruzeirosDB.C_Cruzeiro (C_Barco_codigoBarco, dataEmbarque, dataDesembarque, vagas, numCruzeiro) values (13, '2021-09-30', '2021-10-30', 49, 49);
insert into CruzeirosDB.C_Cruzeiro (C_Barco_codigoBarco, dataEmbarque, dataDesembarque, vagas, numCruzeiro) values (26, '2021-08-03', '2021-11-29', 49, 50);

--Inserir os valores na tabela C_Cais,(50)
INSERT INTO CruzeirosDB.C_Cais([codigo],[localidade],[nome]) VALUES(1,'Nascetur Ave','VEN');
INSERT INTO CruzeirosDB.C_Cais([codigo],[localidade],[nome]) VALUES(2,'Egestas Rd.','Comunitat');
INSERT INTO CruzeirosDB.C_Cais([codigo],[localidade],[nome]) VALUES(3,'Augue Road','JK');
INSERT INTO CruzeirosDB.C_Cais([codigo],[localidade],[nome]) VALUES(4,'Felis Rd.','TN');
INSERT INTO CruzeirosDB.C_Cais([codigo],[localidade],[nome]) VALUES(5,'Metus Avenue','PUN');
INSERT INTO CruzeirosDB.C_Cais([codigo],[localidade],[nome]) VALUES(6,'Auctor','Antioquia');
INSERT INTO CruzeirosDB.C_Cais([codigo],[localidade],[nome]) VALUES(7,'Vulputate Av.','AN');
INSERT INTO CruzeirosDB.C_Cais([codigo],[localidade],[nome]) VALUES(8,'Placerat St.','MA');
INSERT INTO CruzeirosDB.C_Cais([codigo],[localidade],[nome]) VALUES(9,'Ligula Av.','Hatay');
INSERT INTO CruzeirosDB.C_Cais([codigo],[localidade],[nome]) VALUES(10,'Parturient Road','LU');
INSERT INTO CruzeirosDB.C_Cais([codigo],[localidade],[nome]) VALUES(11,'Eu St.','Azad');
INSERT INTO CruzeirosDB.C_Cais([codigo],[localidade],[nome]) VALUES(12,'Mauris Avenue','RJ');
INSERT INTO CruzeirosDB.C_Cais([codigo],[localidade],[nome]) VALUES(13,'Sodales St.','Imo');
INSERT INTO CruzeirosDB.C_Cais([codigo],[localidade],[nome]) VALUES(14,'Street','ANC');
INSERT INTO CruzeirosDB.C_Cais([codigo],[localidade],[nome]) VALUES(15,'Mollis Street','L');
INSERT INTO CruzeirosDB.C_Cais([codigo],[localidade],[nome]) VALUES(16,'Eu Road','Vienna');
INSERT INTO CruzeirosDB.C_Cais([codigo],[localidade],[nome]) VALUES(17,'Pede St.','Island');
INSERT INTO CruzeirosDB.C_Cais([codigo],[localidade],[nome]) VALUES(18,'Ullamcorper','Connacht');
INSERT INTO CruzeirosDB.C_Cais([codigo],[localidade],[nome]) VALUES(19,'Eget St.','Munster');
INSERT INTO CruzeirosDB.C_Cais([codigo],[localidade],[nome]) VALUES(20,'Ligula. Ave','San José');
INSERT INTO CruzeirosDB.C_Cais([codigo],[localidade],[nome]) VALUES(21,'Nulla. St.','BE');
INSERT INTO CruzeirosDB.C_Cais([codigo],[localidade],[nome]) VALUES(22,'Nonummy Street','QC');
INSERT INTO CruzeirosDB.C_Cais([codigo],[localidade],[nome]) VALUES(23,'Sagittis Av.','Ogun');
INSERT INTO CruzeirosDB.C_Cais([codigo],[localidade],[nome]) VALUES(24,'Gravida. Rd.','Texas');
INSERT INTO CruzeirosDB.C_Cais([codigo],[localidade],[nome]) VALUES(25,'Fringilla St.','Araucanía');
INSERT INTO CruzeirosDB.C_Cais([codigo],[localidade],[nome]) VALUES(26,'Nam Road','Västra');
INSERT INTO CruzeirosDB.C_Cais([codigo],[localidade],[nome]) VALUES(27,'Lorem St.','Balochistan');
INSERT INTO CruzeirosDB.C_Cais([codigo],[localidade],[nome]) VALUES(28,'Integer St.','F');
INSERT INTO CruzeirosDB.C_Cais([codigo],[localidade],[nome]) VALUES(29,'Ultrices. Av.','Wyoming');
INSERT INTO CruzeirosDB.C_Cais([codigo],[localidade],[nome]) VALUES(30,'Felis Av.','JUN');
INSERT INTO CruzeirosDB.C_Cais([codigo],[localidade],[nome]) VALUES(31,'Fermentum Avenue','JI');
INSERT INTO CruzeirosDB.C_Cais([codigo],[localidade],[nome]) VALUES(32,'Nulla St.','NSW');
INSERT INTO CruzeirosDB.C_Cais([codigo],[localidade],[nome]) VALUES(33,'Lobortis Ave','KPK');
INSERT INTO CruzeirosDB.C_Cais([codigo],[localidade],[nome]) VALUES(34,'Egestas Rd.','OV');
INSERT INTO CruzeirosDB.C_Cais([codigo],[localidade],[nome]) VALUES(35,'Sagittis Rd.','Stockholms');
INSERT INTO CruzeirosDB.C_Cais([codigo],[localidade],[nome]) VALUES(36,'Aliquet St.','Puntarenas');
INSERT INTO CruzeirosDB.C_Cais([codigo],[localidade],[nome]) VALUES(37,'Felis, St.','Bursa');
INSERT INTO CruzeirosDB.C_Cais([codigo],[localidade],[nome]) VALUES(38,'Elit, Street','ON');
INSERT INTO CruzeirosDB.C_Cais([codigo],[localidade],[nome]) VALUES(39,'Tellus. Av.','Aragón');
INSERT INTO CruzeirosDB.C_Cais([codigo],[localidade],[nome]) VALUES(40,'Sem Av.','Nebraska');
INSERT INTO CruzeirosDB.C_Cais([codigo],[localidade],[nome]) VALUES(41,'Rutrum Street','WE');
INSERT INTO CruzeirosDB.C_Cais([codigo],[localidade],[nome]) VALUES(42,'Tellus Ave','Ant');
INSERT INTO CruzeirosDB.C_Cais([codigo],[localidade],[nome]) VALUES(43,'Et, St.','Karnataka');
INSERT INTO CruzeirosDB.C_Cais([codigo],[localidade],[nome]) VALUES(44,'Quisque Av.','Gaziantep');
INSERT INTO CruzeirosDB.C_Cais([codigo],[localidade],[nome]) VALUES(45,'Urna. Street','RI');
INSERT INTO CruzeirosDB.C_Cais([codigo],[localidade],[nome]) VALUES(46,'Erat Ave','Ulster');
INSERT INTO CruzeirosDB.C_Cais([codigo],[localidade],[nome]) VALUES(47,'Turpis Street','Antioquia');
INSERT INTO CruzeirosDB.C_Cais([codigo],[localidade],[nome]) VALUES(48,'Mauris Street','Friuli');
INSERT INTO CruzeirosDB.C_Cais([codigo],[localidade],[nome]) VALUES(49,'Ante. Av.','SC');
INSERT INTO CruzeirosDB.C_Cais([codigo],[localidade],[nome]) VALUES(50,'Maecenas St.','CDM');
INSERT INTO CruzeirosDB.C_Cais([codigo],[localidade],[nome]) VALUES(51,'Tincidunt Rd.','Connacht');

--Inserir os valores na tabela C_Partida,(50)
INSERT INTO CruzeirosDB.C_Partida([C_Cruzeiro_numCruzeiro],[C_Cais_codigo],[horaPartida],[id]) VALUES(1, 1,'09:00:00',1);
INSERT INTO CruzeirosDB.C_Partida([C_Cruzeiro_numCruzeiro],[C_Cais_codigo],[horaPartida],[id]) VALUES(2, 2,'09:00:00',2);
INSERT INTO CruzeirosDB.C_Partida([C_Cruzeiro_numCruzeiro],[C_Cais_codigo],[horaPartida],[id]) VALUES(3, 3,'09:00:00',3);
INSERT INTO CruzeirosDB.C_Partida([C_Cruzeiro_numCruzeiro],[C_Cais_codigo],[horaPartida],[id]) VALUES(4, 4,'09:00:00',4);
INSERT INTO CruzeirosDB.C_Partida([C_Cruzeiro_numCruzeiro],[C_Cais_codigo],[horaPartida],[id]) VALUES(5, 5,'09:00:00',5);
INSERT INTO CruzeirosDB.C_Partida([C_Cruzeiro_numCruzeiro],[C_Cais_codigo],[horaPartida],[id]) VALUES(6, 6,'09:00:00',6);
INSERT INTO CruzeirosDB.C_Partida([C_Cruzeiro_numCruzeiro],[C_Cais_codigo],[horaPartida],[id]) VALUES(7, 7,'09:00:00',7);
INSERT INTO CruzeirosDB.C_Partida([C_Cruzeiro_numCruzeiro],[C_Cais_codigo],[horaPartida],[id]) VALUES(8, 8,'09:00:00',8);
INSERT INTO CruzeirosDB.C_Partida([C_Cruzeiro_numCruzeiro],[C_Cais_codigo],[horaPartida],[id]) VALUES(9, 9,'09:00:00',9);
INSERT INTO CruzeirosDB.C_Partida([C_Cruzeiro_numCruzeiro],[C_Cais_codigo],[horaPartida],[id]) VALUES(10, 10,'09:00:00',10);
INSERT INTO CruzeirosDB.C_Partida([C_Cruzeiro_numCruzeiro],[C_Cais_codigo],[horaPartida],[id]) VALUES(11, 11,'09:00:00',11);
INSERT INTO CruzeirosDB.C_Partida([C_Cruzeiro_numCruzeiro],[C_Cais_codigo],[horaPartida],[id]) VALUES(12, 12,'09:00:00',12);
INSERT INTO CruzeirosDB.C_Partida([C_Cruzeiro_numCruzeiro],[C_Cais_codigo],[horaPartida],[id]) VALUES(13, 13,'07:00:00',13);
INSERT INTO CruzeirosDB.C_Partida([C_Cruzeiro_numCruzeiro],[C_Cais_codigo],[horaPartida],[id]) VALUES(14, 14,'09:00:00',14);
INSERT INTO CruzeirosDB.C_Partida([C_Cruzeiro_numCruzeiro],[C_Cais_codigo],[horaPartida],[id]) VALUES(15, 15,'08:00:00',15);
INSERT INTO CruzeirosDB.C_Partida([C_Cruzeiro_numCruzeiro],[C_Cais_codigo],[horaPartida],[id]) VALUES(16, 16,'07:00:00',16);
INSERT INTO CruzeirosDB.C_Partida([C_Cruzeiro_numCruzeiro],[C_Cais_codigo],[horaPartida],[id]) VALUES(17, 17,'09:00:00',17);
INSERT INTO CruzeirosDB.C_Partida([C_Cruzeiro_numCruzeiro],[C_Cais_codigo],[horaPartida],[id]) VALUES(18, 18,'09:00:00',18);
INSERT INTO CruzeirosDB.C_Partida([C_Cruzeiro_numCruzeiro],[C_Cais_codigo],[horaPartida],[id]) VALUES(19, 19,'07:00:00',19);
INSERT INTO CruzeirosDB.C_Partida([C_Cruzeiro_numCruzeiro],[C_Cais_codigo],[horaPartida],[id]) VALUES(20, 20,'09:00:00',20);
INSERT INTO CruzeirosDB.C_Partida([C_Cruzeiro_numCruzeiro],[C_Cais_codigo],[horaPartida],[id]) VALUES(21, 21,'09:00:00',21);
INSERT INTO CruzeirosDB.C_Partida([C_Cruzeiro_numCruzeiro],[C_Cais_codigo],[horaPartida],[id]) VALUES(22, 22,'07:00:00',22);
INSERT INTO CruzeirosDB.C_Partida([C_Cruzeiro_numCruzeiro],[C_Cais_codigo],[horaPartida],[id]) VALUES(23, 23,'09:00:00',23);
INSERT INTO CruzeirosDB.C_Partida([C_Cruzeiro_numCruzeiro],[C_Cais_codigo],[horaPartida],[id]) VALUES(24, 24,'08:00:00',24);
INSERT INTO CruzeirosDB.C_Partida([C_Cruzeiro_numCruzeiro],[C_Cais_codigo],[horaPartida],[id]) VALUES(25, 25,'08:00:00',25);
INSERT INTO CruzeirosDB.C_Partida([C_Cruzeiro_numCruzeiro],[C_Cais_codigo],[horaPartida],[id]) VALUES(26, 26,'08:00:00',26);
INSERT INTO CruzeirosDB.C_Partida([C_Cruzeiro_numCruzeiro],[C_Cais_codigo],[horaPartida],[id]) VALUES(27, 27,'08:00:00',27);
INSERT INTO CruzeirosDB.C_Partida([C_Cruzeiro_numCruzeiro],[C_Cais_codigo],[horaPartida],[id]) VALUES(28, 28,'08:00:00',28);
INSERT INTO CruzeirosDB.C_Partida([C_Cruzeiro_numCruzeiro],[C_Cais_codigo],[horaPartida],[id]) VALUES(29, 29,'08:00:00',29);
INSERT INTO CruzeirosDB.C_Partida([C_Cruzeiro_numCruzeiro],[C_Cais_codigo],[horaPartida],[id]) VALUES(30, 30,'08:00:00',30);
INSERT INTO CruzeirosDB.C_Partida([C_Cruzeiro_numCruzeiro],[C_Cais_codigo],[horaPartida],[id]) VALUES(31, 31,'07:00:00',31);
INSERT INTO CruzeirosDB.C_Partida([C_Cruzeiro_numCruzeiro],[C_Cais_codigo],[horaPartida],[id]) VALUES(32, 32,'07:00:00',32);
INSERT INTO CruzeirosDB.C_Partida([C_Cruzeiro_numCruzeiro],[C_Cais_codigo],[horaPartida],[id]) VALUES(33, 33,'07:00:00',33);
INSERT INTO CruzeirosDB.C_Partida([C_Cruzeiro_numCruzeiro],[C_Cais_codigo],[horaPartida],[id]) VALUES(34, 34,'07:00:00',34);
INSERT INTO CruzeirosDB.C_Partida([C_Cruzeiro_numCruzeiro],[C_Cais_codigo],[horaPartida],[id]) VALUES(35, 35,'07:00:00',35);
INSERT INTO CruzeirosDB.C_Partida([C_Cruzeiro_numCruzeiro],[C_Cais_codigo],[horaPartida],[id]) VALUES(36, 36,'07:00:00',36);
INSERT INTO CruzeirosDB.C_Partida([C_Cruzeiro_numCruzeiro],[C_Cais_codigo],[horaPartida],[id]) VALUES(37, 37,'07:00:00',37);
INSERT INTO CruzeirosDB.C_Partida([C_Cruzeiro_numCruzeiro],[C_Cais_codigo],[horaPartida],[id]) VALUES(38, 38,'07:00:00',38);
INSERT INTO CruzeirosDB.C_Partida([C_Cruzeiro_numCruzeiro],[C_Cais_codigo],[horaPartida],[id]) VALUES(39, 39,'07:00:00',39);
INSERT INTO CruzeirosDB.C_Partida([C_Cruzeiro_numCruzeiro],[C_Cais_codigo],[horaPartida],[id]) VALUES(40, 40,'06:00:00',40);
INSERT INTO CruzeirosDB.C_Partida([C_Cruzeiro_numCruzeiro],[C_Cais_codigo],[horaPartida],[id]) VALUES(41, 41,'06:00:00',41);
INSERT INTO CruzeirosDB.C_Partida([C_Cruzeiro_numCruzeiro],[C_Cais_codigo],[horaPartida],[id]) VALUES(42, 42,'06:00:00',42);
INSERT INTO CruzeirosDB.C_Partida([C_Cruzeiro_numCruzeiro],[C_Cais_codigo],[horaPartida],[id]) VALUES(43, 43,'06:00:00',43);
INSERT INTO CruzeirosDB.C_Partida([C_Cruzeiro_numCruzeiro],[C_Cais_codigo],[horaPartida],[id]) VALUES(44, 44,'06:00:00',44);
INSERT INTO CruzeirosDB.C_Partida([C_Cruzeiro_numCruzeiro],[C_Cais_codigo],[horaPartida],[id]) VALUES(45, 45,'06:00:00',45);
INSERT INTO CruzeirosDB.C_Partida([C_Cruzeiro_numCruzeiro],[C_Cais_codigo],[horaPartida],[id]) VALUES(46, 46,'06:00:00',46);
INSERT INTO CruzeirosDB.C_Partida([C_Cruzeiro_numCruzeiro],[C_Cais_codigo],[horaPartida],[id]) VALUES(47, 47,'06:00:00',47);
INSERT INTO CruzeirosDB.C_Partida([C_Cruzeiro_numCruzeiro],[C_Cais_codigo],[horaPartida],[id]) VALUES(48, 48,'06:00:00',48);
INSERT INTO CruzeirosDB.C_Partida([C_Cruzeiro_numCruzeiro],[C_Cais_codigo],[horaPartida],[id]) VALUES(49, 49,'06:00:00',49);
INSERT INTO CruzeirosDB.C_Partida([C_Cruzeiro_numCruzeiro],[C_Cais_codigo],[horaPartida],[id]) VALUES(50, 50,'06:00:00',50);


--Inserir os valores na tabela C_Chegada,(50)
INSERT INTO CruzeirosDB.C_Chegada([C_Cruzeiro_numCruzeiro],[C_Cais_codigo],[horaChegada],[id]) VALUES(1, 2,'20:00:00',1);
INSERT INTO CruzeirosDB.C_Chegada([C_Cruzeiro_numCruzeiro],[C_Cais_codigo],[horaChegada],[id]) VALUES(2, 3,'20:00:00',2);
INSERT INTO CruzeirosDB.C_Chegada([C_Cruzeiro_numCruzeiro],[C_Cais_codigo],[horaChegada],[id]) VALUES(3, 4,'20:00:00',3);
INSERT INTO CruzeirosDB.C_Chegada([C_Cruzeiro_numCruzeiro],[C_Cais_codigo],[horaChegada],[id]) VALUES(4, 5,'20:00:00',4);
INSERT INTO CruzeirosDB.C_Chegada([C_Cruzeiro_numCruzeiro],[C_Cais_codigo],[horaChegada],[id]) VALUES(5, 6,'20:00:00',5);
INSERT INTO CruzeirosDB.C_Chegada([C_Cruzeiro_numCruzeiro],[C_Cais_codigo],[horaChegada],[id]) VALUES(6, 7,'20:00:00',6);
INSERT INTO CruzeirosDB.C_Chegada([C_Cruzeiro_numCruzeiro],[C_Cais_codigo],[horaChegada],[id]) VALUES(7, 8,'20:00:00',7);
INSERT INTO CruzeirosDB.C_Chegada([C_Cruzeiro_numCruzeiro],[C_Cais_codigo],[horaChegada],[id]) VALUES(8, 9,'20:00:00',8);
INSERT INTO CruzeirosDB.C_Chegada([C_Cruzeiro_numCruzeiro],[C_Cais_codigo],[horaChegada],[id]) VALUES(9, 10,'20:00:00',9);
INSERT INTO CruzeirosDB.C_Chegada([C_Cruzeiro_numCruzeiro],[C_Cais_codigo],[horaChegada],[id]) VALUES(10, 11,'20:00:00',10);
INSERT INTO CruzeirosDB.C_Chegada([C_Cruzeiro_numCruzeiro],[C_Cais_codigo],[horaChegada],[id]) VALUES(11, 12,'21:00:00',11);
INSERT INTO CruzeirosDB.C_Chegada([C_Cruzeiro_numCruzeiro],[C_Cais_codigo],[horaChegada],[id]) VALUES(12, 13,'21:00:00',12);
INSERT INTO CruzeirosDB.C_Chegada([C_Cruzeiro_numCruzeiro],[C_Cais_codigo],[horaChegada],[id]) VALUES(13, 14,'21:00:00',13);
INSERT INTO CruzeirosDB.C_Chegada([C_Cruzeiro_numCruzeiro],[C_Cais_codigo],[horaChegada],[id]) VALUES(14, 15,'21:00:00',14);
INSERT INTO CruzeirosDB.C_Chegada([C_Cruzeiro_numCruzeiro],[C_Cais_codigo],[horaChegada],[id]) VALUES(15, 16,'21:00:00',15);
INSERT INTO CruzeirosDB.C_Chegada([C_Cruzeiro_numCruzeiro],[C_Cais_codigo],[horaChegada],[id]) VALUES(16, 17,'21:00:00',16);
INSERT INTO CruzeirosDB.C_Chegada([C_Cruzeiro_numCruzeiro],[C_Cais_codigo],[horaChegada],[id]) VALUES(17, 18,'21:00:00',17);
INSERT INTO CruzeirosDB.C_Chegada([C_Cruzeiro_numCruzeiro],[C_Cais_codigo],[horaChegada],[id]) VALUES(18, 19,'21:00:00',18);
INSERT INTO CruzeirosDB.C_Chegada([C_Cruzeiro_numCruzeiro],[C_Cais_codigo],[horaChegada],[id]) VALUES(19, 20,'21:00:00',19);
INSERT INTO CruzeirosDB.C_Chegada([C_Cruzeiro_numCruzeiro],[C_Cais_codigo],[horaChegada],[id]) VALUES(20, 21,'19:00:00',20);
INSERT INTO CruzeirosDB.C_Chegada([C_Cruzeiro_numCruzeiro],[C_Cais_codigo],[horaChegada],[id]) VALUES(21, 22,'19:00:00',21);
INSERT INTO CruzeirosDB.C_Chegada([C_Cruzeiro_numCruzeiro],[C_Cais_codigo],[horaChegada],[id]) VALUES(22, 23,'19:00:00',22);
INSERT INTO CruzeirosDB.C_Chegada([C_Cruzeiro_numCruzeiro],[C_Cais_codigo],[horaChegada],[id]) VALUES(23, 24,'19:00:00',23);
INSERT INTO CruzeirosDB.C_Chegada([C_Cruzeiro_numCruzeiro],[C_Cais_codigo],[horaChegada],[id]) VALUES(24, 25,'19:00:00',24);
INSERT INTO CruzeirosDB.C_Chegada([C_Cruzeiro_numCruzeiro],[C_Cais_codigo],[horaChegada],[id]) VALUES(25, 26,'19:00:00',25);
INSERT INTO CruzeirosDB.C_Chegada([C_Cruzeiro_numCruzeiro],[C_Cais_codigo],[horaChegada],[id]) VALUES(26, 27,'19:00:00',26);
INSERT INTO CruzeirosDB.C_Chegada([C_Cruzeiro_numCruzeiro],[C_Cais_codigo],[horaChegada],[id]) VALUES(27, 28,'21:00:00',27);
INSERT INTO CruzeirosDB.C_Chegada([C_Cruzeiro_numCruzeiro],[C_Cais_codigo],[horaChegada],[id]) VALUES(28, 29,'20:00:00',28);
INSERT INTO CruzeirosDB.C_Chegada([C_Cruzeiro_numCruzeiro],[C_Cais_codigo],[horaChegada],[id]) VALUES(29, 30,'20:00:00',29);
INSERT INTO CruzeirosDB.C_Chegada([C_Cruzeiro_numCruzeiro],[C_Cais_codigo],[horaChegada],[id]) VALUES(30, 31,'19:00:00',30);
INSERT INTO CruzeirosDB.C_Chegada([C_Cruzeiro_numCruzeiro],[C_Cais_codigo],[horaChegada],[id]) VALUES(31, 32,'21:00:00',31);
INSERT INTO CruzeirosDB.C_Chegada([C_Cruzeiro_numCruzeiro],[C_Cais_codigo],[horaChegada],[id]) VALUES(32, 33,'19:00:00',32);
INSERT INTO CruzeirosDB.C_Chegada([C_Cruzeiro_numCruzeiro],[C_Cais_codigo],[horaChegada],[id]) VALUES(33, 34,'19:00:00',33);
INSERT INTO CruzeirosDB.C_Chegada([C_Cruzeiro_numCruzeiro],[C_Cais_codigo],[horaChegada],[id]) VALUES(34, 35,'19:00:00',34);
INSERT INTO CruzeirosDB.C_Chegada([C_Cruzeiro_numCruzeiro],[C_Cais_codigo],[horaChegada],[id]) VALUES(35, 36,'21:00:00',35);
INSERT INTO CruzeirosDB.C_Chegada([C_Cruzeiro_numCruzeiro],[C_Cais_codigo],[horaChegada],[id]) VALUES(36, 37,'21:00:00',36);
INSERT INTO CruzeirosDB.C_Chegada([C_Cruzeiro_numCruzeiro],[C_Cais_codigo],[horaChegada],[id]) VALUES(37, 38,'21:00:00',37);
INSERT INTO CruzeirosDB.C_Chegada([C_Cruzeiro_numCruzeiro],[C_Cais_codigo],[horaChegada],[id]) VALUES(38, 39,'19:00:00',38);
INSERT INTO CruzeirosDB.C_Chegada([C_Cruzeiro_numCruzeiro],[C_Cais_codigo],[horaChegada],[id]) VALUES(39, 40,'19:00:00',39);
INSERT INTO CruzeirosDB.C_Chegada([C_Cruzeiro_numCruzeiro],[C_Cais_codigo],[horaChegada],[id]) VALUES(40, 41,'21:00:00',40);
INSERT INTO CruzeirosDB.C_Chegada([C_Cruzeiro_numCruzeiro],[C_Cais_codigo],[horaChegada],[id]) VALUES(41, 42,'19:00:00',41);
INSERT INTO CruzeirosDB.C_Chegada([C_Cruzeiro_numCruzeiro],[C_Cais_codigo],[horaChegada],[id]) VALUES(42, 43,'21:00:00',42);
INSERT INTO CruzeirosDB.C_Chegada([C_Cruzeiro_numCruzeiro],[C_Cais_codigo],[horaChegada],[id]) VALUES(43, 44,'21:00:00',43);
INSERT INTO CruzeirosDB.C_Chegada([C_Cruzeiro_numCruzeiro],[C_Cais_codigo],[horaChegada],[id]) VALUES(44, 45,'19:00:00',44);
INSERT INTO CruzeirosDB.C_Chegada([C_Cruzeiro_numCruzeiro],[C_Cais_codigo],[horaChegada],[id]) VALUES(45, 46,'19:00:00',45);
INSERT INTO CruzeirosDB.C_Chegada([C_Cruzeiro_numCruzeiro],[C_Cais_codigo],[horaChegada],[id]) VALUES(46, 47,'21:00:00',46);
INSERT INTO CruzeirosDB.C_Chegada([C_Cruzeiro_numCruzeiro],[C_Cais_codigo],[horaChegada],[id]) VALUES(47, 48,'21:00:00',47);
INSERT INTO CruzeirosDB.C_Chegada([C_Cruzeiro_numCruzeiro],[C_Cais_codigo],[horaChegada],[id]) VALUES(48, 49,'21:00:00',48);
INSERT INTO CruzeirosDB.C_Chegada([C_Cruzeiro_numCruzeiro],[C_Cais_codigo],[horaChegada],[id]) VALUES(49, 50,'21:00:00',49);
INSERT INTO CruzeirosDB.C_Chegada([C_Cruzeiro_numCruzeiro],[C_Cais_codigo],[horaChegada],[id]) VALUES(50, 51,'21:00:00',50);
																			  
																			  

--Inserir os valores na tabela C_Pessoa,(100)
INSERT INTO CruzeirosDB.C_Pessoa([numCC],[email],[nome],[numTelemovel]) VALUES(13257894,'sem.semper@aptenttaciti.ca      ','Deborah','04 92 23 01 42');
INSERT INTO CruzeirosDB.C_Pessoa([numCC],[email],[nome],[numTelemovel]) VALUES(13257895,'non.magna.Nam@necluctusfelis.net','David','07 89 51 31 26');
INSERT INTO CruzeirosDB.C_Pessoa([numCC],[email],[nome],[numTelemovel]) VALUES(13257896,'mi@penatibusetmagnis.co.uk','Isaac','04 97 40 44 31');
INSERT INTO CruzeirosDB.C_Pessoa([numCC],[email],[nome],[numTelemovel]) VALUES(13257897,'lacus.Quisque.purus@Nunc.ca','Quintessa','04 69 29 11 94');
INSERT INTO CruzeirosDB.C_Pessoa([numCC],[email],[nome],[numTelemovel]) VALUES(13257898,'tortor.Nunc@ullamcorper.edu','Kaitlin','07 85 73 96 22');
INSERT INTO CruzeirosDB.C_Pessoa([numCC],[email],[nome],[numTelemovel]) VALUES(13257899,'ligula@mollisnec.com','Giselle','06 49 96 25 71');
INSERT INTO CruzeirosDB.C_Pessoa([numCC],[email],[nome],[numTelemovel]) VALUES(13257900,'at@lacus.edu','Kirby','02 36 00 16 37');
INSERT INTO CruzeirosDB.C_Pessoa([numCC],[email],[nome],[numTelemovel]) VALUES(13257901,'neque@nonmassanon.org','Palmer','06 23 61 90 64');
INSERT INTO CruzeirosDB.C_Pessoa([numCC],[email],[nome],[numTelemovel]) VALUES(13257902,'sem.magna@auctornonfeugiat.ca','Delilah','07 59 99 89 95');
INSERT INTO CruzeirosDB.C_Pessoa([numCC],[email],[nome],[numTelemovel]) VALUES(13257903,'sem@dignissim.edu','Audra','03 14 07 97 95');
INSERT INTO CruzeirosDB.C_Pessoa([numCC],[email],[nome],[numTelemovel]) VALUES(13257904,'nunc@Loremipsumdolor.edu','Freya','04 95 44 00 03');
INSERT INTO CruzeirosDB.C_Pessoa([numCC],[email],[nome],[numTelemovel]) VALUES(13257905,'leo@ullamcorperDuis.co.uk','Wanda','08 70 23 84 16');
INSERT INTO CruzeirosDB.C_Pessoa([numCC],[email],[nome],[numTelemovel]) VALUES(13257906,'magnis.dis.parturient@aaliquetvel.ca','Phoebe','06 67 70 98 90');
INSERT INTO CruzeirosDB.C_Pessoa([numCC],[email],[nome],[numTelemovel]) VALUES(13257907,'urna@mauriseu.org','Jameson','04 45 88 60 71');
INSERT INTO CruzeirosDB.C_Pessoa([numCC],[email],[nome],[numTelemovel]) VALUES(13257908,'sagittis.lobortis@acmi.edu','Orli','04 81 07 10 00');
INSERT INTO CruzeirosDB.C_Pessoa([numCC],[email],[nome],[numTelemovel]) VALUES(13257909,'nec@cursuset.co.uk','Jolie','06 69 67 02 94');
INSERT INTO CruzeirosDB.C_Pessoa([numCC],[email],[nome],[numTelemovel]) VALUES(13257910,'sapien.cursus.in@Nullamscelerisque.net','Ima','06 22 52 88 28');
INSERT INTO CruzeirosDB.C_Pessoa([numCC],[email],[nome],[numTelemovel]) VALUES(13257911,'tellus.lorem.eu@nuncnulla.net','Connor','03 14 17 27 76');
INSERT INTO CruzeirosDB.C_Pessoa([numCC],[email],[nome],[numTelemovel]) VALUES(13257912,'In.tincidunt@nonmagnaNam.com','Kristen','02 29 32 75 41');
INSERT INTO CruzeirosDB.C_Pessoa([numCC],[email],[nome],[numTelemovel]) VALUES(13257913,'enim.Mauris@ac.edu','Chastity','04 57 58 51 69');
INSERT INTO CruzeirosDB.C_Pessoa([numCC],[email],[nome],[numTelemovel]) VALUES(13257914,'gravida.nunc@loremlorem.net','Austin','07 99 77 75 44');
INSERT INTO CruzeirosDB.C_Pessoa([numCC],[email],[nome],[numTelemovel]) VALUES(13257915,'Sed.neque@vitae.org','Keaton','04 28 01 95 10');
INSERT INTO CruzeirosDB.C_Pessoa([numCC],[email],[nome],[numTelemovel]) VALUES(13257916,'dui.nec.tempus@interdumSed.ca','Gregory','03 36 40 09 71');
INSERT INTO CruzeirosDB.C_Pessoa([numCC],[email],[nome],[numTelemovel]) VALUES(13257917,'ornare@anteblandit.edu','Kaye','07 89 46 51 93');
INSERT INTO CruzeirosDB.C_Pessoa([numCC],[email],[nome],[numTelemovel]) VALUES(13257918,'eget@sapien.com','Solomon','08 06 01 64 48');
INSERT INTO CruzeirosDB.C_Pessoa([numCC],[email],[nome],[numTelemovel]) VALUES(13257919,'ligula.tortor@loremauctorquis.ca','Mira','05 18 55 95 41');
INSERT INTO CruzeirosDB.C_Pessoa([numCC],[email],[nome],[numTelemovel]) VALUES(13257920,'non@aliquet.co.uk','Dean','05 73 58 86 85');
INSERT INTO CruzeirosDB.C_Pessoa([numCC],[email],[nome],[numTelemovel]) VALUES(13257921,'sapien.molestie.orci@congueIn.edu','Scott','04 85 76 42 27');
INSERT INTO CruzeirosDB.C_Pessoa([numCC],[email],[nome],[numTelemovel]) VALUES(13257922,'aliquet.Proin@arcu.net','Chadwick','01 96 95 95 19');
INSERT INTO CruzeirosDB.C_Pessoa([numCC],[email],[nome],[numTelemovel]) VALUES(13257923,'venenatis.lacus.Etiam@iaculis.edu','Reuben','02 47 30 07 06');
INSERT INTO CruzeirosDB.C_Pessoa([numCC],[email],[nome],[numTelemovel]) VALUES(13257924,'fames@primis.org','Kyra','07 86 41 21 76');
INSERT INTO CruzeirosDB.C_Pessoa([numCC],[email],[nome],[numTelemovel]) VALUES(13257925,'pellentesque.a@tempusnon.edu','Sheila','03 70 24 66 54');
INSERT INTO CruzeirosDB.C_Pessoa([numCC],[email],[nome],[numTelemovel]) VALUES(13257926,'nibh.vulputate.mauris@Phasellus.co.uk','Karyn','04 85 45 35 17');
INSERT INTO CruzeirosDB.C_Pessoa([numCC],[email],[nome],[numTelemovel]) VALUES(13257927,'vitae@aliquetmagnaa.edu','Daryl','05 36 21 01 54');
INSERT INTO CruzeirosDB.C_Pessoa([numCC],[email],[nome],[numTelemovel]) VALUES(13257928,'sagittis.Duis.gravida@penatibuset.com','Blossom','02 04 81 84 95');
INSERT INTO CruzeirosDB.C_Pessoa([numCC],[email],[nome],[numTelemovel]) VALUES(13257929,'ornare.sagittis@atlacus.co.uk','MacKensie','06 96 24 03 58');
INSERT INTO CruzeirosDB.C_Pessoa([numCC],[email],[nome],[numTelemovel]) VALUES(13257930,'Ut.sagittis.lobortis@quam.net','Sylvia','08 15 56 18 77');
INSERT INTO CruzeirosDB.C_Pessoa([numCC],[email],[nome],[numTelemovel]) VALUES(13257931,'iaculis.nec.eleifend@aauctor.net','Dale','05 49 83 04 39');
INSERT INTO CruzeirosDB.C_Pessoa([numCC],[email],[nome],[numTelemovel]) VALUES(13257932,'Nam.interdum@loremauctorquis.ca','Travis','09 78 20 01 71');
INSERT INTO CruzeirosDB.C_Pessoa([numCC],[email],[nome],[numTelemovel]) VALUES(13257933,'elit.erat@ametornare.org','Cadman','09 16 95 46 68');
INSERT INTO CruzeirosDB.C_Pessoa([numCC],[email],[nome],[numTelemovel]) VALUES(13257934,'adipiscing.elit@Phasellus.ca','Lois','08 73 21 53 15');
INSERT INTO CruzeirosDB.C_Pessoa([numCC],[email],[nome],[numTelemovel]) VALUES(13257935,'arcu.ac@Sed.co.uk','Jenna','01 34 61 85 85');
INSERT INTO CruzeirosDB.C_Pessoa([numCC],[email],[nome],[numTelemovel]) VALUES(13257936,'scelerisque.scelerisque.dui@justo.org','Blaze','01 57 23 33 71');
INSERT INTO CruzeirosDB.C_Pessoa([numCC],[email],[nome],[numTelemovel]) VALUES(13257937,'sed.facilisis.vitae@at.edu','Maggie','07 38 87 68 71');
INSERT INTO CruzeirosDB.C_Pessoa([numCC],[email],[nome],[numTelemovel]) VALUES(13257938,'Etiam@ipsumnon.net','Chiquita','06 37 35 98 23');
INSERT INTO CruzeirosDB.C_Pessoa([numCC],[email],[nome],[numTelemovel]) VALUES(13257939,'fermentum.metus@interdumliberodui.edu','Griffith','09 85 29 52 78');
INSERT INTO CruzeirosDB.C_Pessoa([numCC],[email],[nome],[numTelemovel]) VALUES(13257940,'odio.Nam.interdum@apurusDuis.ca','Harding','07 94 00 09 71');
INSERT INTO CruzeirosDB.C_Pessoa([numCC],[email],[nome],[numTelemovel]) VALUES(13257941,'et.magna@quismassaMauris.org','Harding','03 84 73 27 84');
INSERT INTO CruzeirosDB.C_Pessoa([numCC],[email],[nome],[numTelemovel]) VALUES(13257942,'magnis.dis@fringillacursus.net','Rama','06 02 07 87 26');
INSERT INTO CruzeirosDB.C_Pessoa([numCC],[email],[nome],[numTelemovel]) VALUES(13257943,'a@loremfringilla.net','Yetta','01 80 45 54 02');
INSERT INTO CruzeirosDB.C_Pessoa([numCC],[email],[nome],[numTelemovel]) VALUES(13257944,'sodales.at@nequeetnunc.edu','Berk','04 89 55 63 62');
INSERT INTO CruzeirosDB.C_Pessoa([numCC],[email],[nome],[numTelemovel]) VALUES(13257945,'parturient.montes@eu.edu','Eden','08 73 20 22 15');
INSERT INTO CruzeirosDB.C_Pessoa([numCC],[email],[nome],[numTelemovel]) VALUES(13257946,'natoque.penatibus.et@metusInlorem.ca','Aaron','03 46 48 63 55');
INSERT INTO CruzeirosDB.C_Pessoa([numCC],[email],[nome],[numTelemovel]) VALUES(13257947,'lorem.auctor.quis@lacus.com','Ginger','07 68 09 09 18');
INSERT INTO CruzeirosDB.C_Pessoa([numCC],[email],[nome],[numTelemovel]) VALUES(13257948,'non.vestibulum.nec@loremlorem.com','Jin','07 38 09 51 88');
INSERT INTO CruzeirosDB.C_Pessoa([numCC],[email],[nome],[numTelemovel]) VALUES(13257949,'ac.mattis@in.edu','Lunea','01 41 66 52 65');
INSERT INTO CruzeirosDB.C_Pessoa([numCC],[email],[nome],[numTelemovel]) VALUES(13257950,'libero.Morbi@ligulaeuenim.com','McKenzie','06 00 93 83 50');
INSERT INTO CruzeirosDB.C_Pessoa([numCC],[email],[nome],[numTelemovel]) VALUES(13257951,'molestie.pharetra.nibh@mifelisadipiscing.ca','Bree','02 09 65 57 62');
INSERT INTO CruzeirosDB.C_Pessoa([numCC],[email],[nome],[numTelemovel]) VALUES(13257952,'non.cursus.non@mattis.com','Murphy','07 45 89 39 81');
INSERT INTO CruzeirosDB.C_Pessoa([numCC],[email],[nome],[numTelemovel]) VALUES(13257953,'lorem.Donec@lectus.net','Abdul','01 84 13 58 51');
INSERT INTO CruzeirosDB.C_Pessoa([numCC],[email],[nome],[numTelemovel]) VALUES(13257954,'justo@nonummy.edu','Preston','07 84 64 76 39');
INSERT INTO CruzeirosDB.C_Pessoa([numCC],[email],[nome],[numTelemovel]) VALUES(13257955,'purus.Maecenas@sed.org','Briar','07 47 41 81 36');
INSERT INTO CruzeirosDB.C_Pessoa([numCC],[email],[nome],[numTelemovel]) VALUES(13257956,'malesuada.fames@a.com','Grady','05 47 27 56 63');
INSERT INTO CruzeirosDB.C_Pessoa([numCC],[email],[nome],[numTelemovel]) VALUES(13257957,'cubilia@ametloremsemper.co.uk','Alma','05 18 91 80 73');
INSERT INTO CruzeirosDB.C_Pessoa([numCC],[email],[nome],[numTelemovel]) VALUES(13257958,'Vestibulum@Nulla.ca','Cairo','03 10 80 56 60');
INSERT INTO CruzeirosDB.C_Pessoa([numCC],[email],[nome],[numTelemovel]) VALUES(13257959,'a.arcu.Sed@ametconsectetuer.ca','Jelani','01 84 40 38 21');
INSERT INTO CruzeirosDB.C_Pessoa([numCC],[email],[nome],[numTelemovel]) VALUES(13257960,'amet.consectetuer.adipiscing@in.co.uk','Gloria','01 84 32 96 01');
INSERT INTO CruzeirosDB.C_Pessoa([numCC],[email],[nome],[numTelemovel]) VALUES(13257961,'ipsum@Aliquam.com','Rogan','07 36 68 58 09');
INSERT INTO CruzeirosDB.C_Pessoa([numCC],[email],[nome],[numTelemovel]) VALUES(13257962,'consectetuer@Duissitamet.com','Kaden','06 83 73 42 30');
INSERT INTO CruzeirosDB.C_Pessoa([numCC],[email],[nome],[numTelemovel]) VALUES(13257963,'dictum.eu@Cumsociisnatoque.org','Doris','06 66 60 30 18');
INSERT INTO CruzeirosDB.C_Pessoa([numCC],[email],[nome],[numTelemovel]) VALUES(13257964,'gravida.mauris.ut@commodohendrerit.net','Daria','03 11 79 14 51');
INSERT INTO CruzeirosDB.C_Pessoa([numCC],[email],[nome],[numTelemovel]) VALUES(13257965,'lectus.justo.eu@duisemperet.ca','Brody','08 88 91 30 03');
INSERT INTO CruzeirosDB.C_Pessoa([numCC],[email],[nome],[numTelemovel]) VALUES(13257966,'leo.Vivamus@dapibus.net','Veronica','03 16 88 76 96');
INSERT INTO CruzeirosDB.C_Pessoa([numCC],[email],[nome],[numTelemovel]) VALUES(13257967,'In.scelerisque@dolorsitamet.net','Kessie','07 78 27 57 09');
INSERT INTO CruzeirosDB.C_Pessoa([numCC],[email],[nome],[numTelemovel]) VALUES(13257968,'ligula.Aenean.gravida@euismodac.edu','Camille','07 07 02 51 07');
INSERT INTO CruzeirosDB.C_Pessoa([numCC],[email],[nome],[numTelemovel]) VALUES(13257969,'nunc@a.com','Benjamin','06 29 59 22 28');
INSERT INTO CruzeirosDB.C_Pessoa([numCC],[email],[nome],[numTelemovel]) VALUES(13257970,'amet.luctus.vulputate@quamelementum.co.uk','Bertha','09 44 00 15 42');
INSERT INTO CruzeirosDB.C_Pessoa([numCC],[email],[nome],[numTelemovel]) VALUES(13257971,'consequat.purus.Maecenas@eu.net','Mari','08 76 95 46 02');
INSERT INTO CruzeirosDB.C_Pessoa([numCC],[email],[nome],[numTelemovel]) VALUES(13257972,'non.sollicitudin@pharetra.ca','Bevis','04 61 53 44 40');
INSERT INTO CruzeirosDB.C_Pessoa([numCC],[email],[nome],[numTelemovel]) VALUES(13257973,'Pellentesque.ultricies.dignissim@turpisegestasFusce.com','Ocean','09 58 27 73 00');
INSERT INTO CruzeirosDB.C_Pessoa([numCC],[email],[nome],[numTelemovel]) VALUES(13257974,'dui.Cum.sociis@FuscemollisDuis.edu','Thor','09 89 69 36 36');
INSERT INTO CruzeirosDB.C_Pessoa([numCC],[email],[nome],[numTelemovel]) VALUES(13257975,'vel@loremipsum.ca','Quincy','06 29 05 60 02');
INSERT INTO CruzeirosDB.C_Pessoa([numCC],[email],[nome],[numTelemovel]) VALUES(13257976,'posuere.cubilia.Curae@sodaleselit.ca','Jordan','04 36 57 25 02');
INSERT INTO CruzeirosDB.C_Pessoa([numCC],[email],[nome],[numTelemovel]) VALUES(13257977,'fames.ac@etliberoProin.edu','Timothy','01 68 12 20 54');
INSERT INTO CruzeirosDB.C_Pessoa([numCC],[email],[nome],[numTelemovel]) VALUES(13257978,'at@dui.edu','Anastasia','01 77 17 99 72');
INSERT INTO CruzeirosDB.C_Pessoa([numCC],[email],[nome],[numTelemovel]) VALUES(13257979,'adipiscing.lacus@euismod.co.uk','Brandon','06 09 67 32 52');
INSERT INTO CruzeirosDB.C_Pessoa([numCC],[email],[nome],[numTelemovel]) VALUES(13257980,'Duis.dignissim.tempor@sedturpis.com','Jameson','03 65 72 16 98');
INSERT INTO CruzeirosDB.C_Pessoa([numCC],[email],[nome],[numTelemovel]) VALUES(13257981,'enim@ut.co.uk','Maile','05 91 63 09 39');
INSERT INTO CruzeirosDB.C_Pessoa([numCC],[email],[nome],[numTelemovel]) VALUES(13257982,'Donec.tempus@tortor.net','Baxter','08 96 19 38 32');
INSERT INTO CruzeirosDB.C_Pessoa([numCC],[email],[nome],[numTelemovel]) VALUES(13257983,'nibh@eu.net','Upton','07 36 75 55 08');
INSERT INTO CruzeirosDB.C_Pessoa([numCC],[email],[nome],[numTelemovel]) VALUES(13257984,'Nullam.suscipit@nasceturridiculusmus.net','Cain','09 26 39 67 52');
INSERT INTO CruzeirosDB.C_Pessoa([numCC],[email],[nome],[numTelemovel]) VALUES(13257985,'eros.nec@fringillami.com','Cheyenne','04 11 37 52 79');
INSERT INTO CruzeirosDB.C_Pessoa([numCC],[email],[nome],[numTelemovel]) VALUES(13257986,'sit.amet@Donec.co.uk','Shafira','01 11 99 83 32');
INSERT INTO CruzeirosDB.C_Pessoa([numCC],[email],[nome],[numTelemovel]) VALUES(13257987,'ullamcorper@velvenenatisvel.ca','Tyler','02 69 56 29 43');
INSERT INTO CruzeirosDB.C_Pessoa([numCC],[email],[nome],[numTelemovel]) VALUES(13257988,'eget.tincidunt.dui@PhasellusornareFusce.co.uk','Mohammad','04 87 53 03 82');
INSERT INTO CruzeirosDB.C_Pessoa([numCC],[email],[nome],[numTelemovel]) VALUES(13257989,'conubia.nostra@hymenaeos.org','Wynne','02 68 80 17 97');
INSERT INTO CruzeirosDB.C_Pessoa([numCC],[email],[nome],[numTelemovel]) VALUES(13257990,'vel.venenatis.vel@etultrices.edu','Dahlia','05 60 66 92 51');
INSERT INTO CruzeirosDB.C_Pessoa([numCC],[email],[nome],[numTelemovel]) VALUES(13257991,'gravida.molestie.arcu@Maecenasmalesuadafringilla.ca','Ralph','08 68 65 80 64');
INSERT INTO CruzeirosDB.C_Pessoa([numCC],[email],[nome],[numTelemovel]) VALUES(13257992,'Nunc.pulvinar.arcu@turpisegestasFusce.org','Lane','08 58 41 17 04');
INSERT INTO CruzeirosDB.C_Pessoa([numCC],[email],[nome],[numTelemovel]) VALUES(13257993,'sed@consectetueripsum.org','Eric','06 19 64 19 62');


--Inserir os valores na tabela C_Cliente,(50)
INSERT INTO CruzeirosDB.C_Cliente([numCliente],[C_Pessoa_numCC]) VALUES(1,13257944);
INSERT INTO CruzeirosDB.C_Cliente([numCliente],[C_Pessoa_numCC]) VALUES(2,13257945);
INSERT INTO CruzeirosDB.C_Cliente([numCliente],[C_Pessoa_numCC]) VALUES(3,13257946);
INSERT INTO CruzeirosDB.C_Cliente([numCliente],[C_Pessoa_numCC]) VALUES(4,13257947);
INSERT INTO CruzeirosDB.C_Cliente([numCliente],[C_Pessoa_numCC]) VALUES(5,13257948);
INSERT INTO CruzeirosDB.C_Cliente([numCliente],[C_Pessoa_numCC]) VALUES(6,13257949);
INSERT INTO CruzeirosDB.C_Cliente([numCliente],[C_Pessoa_numCC]) VALUES(7,13257950);
INSERT INTO CruzeirosDB.C_Cliente([numCliente],[C_Pessoa_numCC]) VALUES(8,13257951);
INSERT INTO CruzeirosDB.C_Cliente([numCliente],[C_Pessoa_numCC]) VALUES(9,13257952);
INSERT INTO CruzeirosDB.C_Cliente([numCliente],[C_Pessoa_numCC]) VALUES(10,13257953);
INSERT INTO CruzeirosDB.C_Cliente([numCliente],[C_Pessoa_numCC]) VALUES(11,13257954);
INSERT INTO CruzeirosDB.C_Cliente([numCliente],[C_Pessoa_numCC]) VALUES(12,13257955);
INSERT INTO CruzeirosDB.C_Cliente([numCliente],[C_Pessoa_numCC]) VALUES(13,13257956);
INSERT INTO CruzeirosDB.C_Cliente([numCliente],[C_Pessoa_numCC]) VALUES(14,13257957);
INSERT INTO CruzeirosDB.C_Cliente([numCliente],[C_Pessoa_numCC]) VALUES(15,13257958);
INSERT INTO CruzeirosDB.C_Cliente([numCliente],[C_Pessoa_numCC]) VALUES(16,13257959);
INSERT INTO CruzeirosDB.C_Cliente([numCliente],[C_Pessoa_numCC]) VALUES(17,13257960);
INSERT INTO CruzeirosDB.C_Cliente([numCliente],[C_Pessoa_numCC]) VALUES(18,13257961);
INSERT INTO CruzeirosDB.C_Cliente([numCliente],[C_Pessoa_numCC]) VALUES(19,13257962);
INSERT INTO CruzeirosDB.C_Cliente([numCliente],[C_Pessoa_numCC]) VALUES(20,13257963);
INSERT INTO CruzeirosDB.C_Cliente([numCliente],[C_Pessoa_numCC]) VALUES(21,13257964);
INSERT INTO CruzeirosDB.C_Cliente([numCliente],[C_Pessoa_numCC]) VALUES(22,13257965);
INSERT INTO CruzeirosDB.C_Cliente([numCliente],[C_Pessoa_numCC]) VALUES(23,13257966);
INSERT INTO CruzeirosDB.C_Cliente([numCliente],[C_Pessoa_numCC]) VALUES(24,13257967);
INSERT INTO CruzeirosDB.C_Cliente([numCliente],[C_Pessoa_numCC]) VALUES(25,13257968);
INSERT INTO CruzeirosDB.C_Cliente([numCliente],[C_Pessoa_numCC]) VALUES(26,13257969);
INSERT INTO CruzeirosDB.C_Cliente([numCliente],[C_Pessoa_numCC]) VALUES(27,13257970);
INSERT INTO CruzeirosDB.C_Cliente([numCliente],[C_Pessoa_numCC]) VALUES(28,13257971);
INSERT INTO CruzeirosDB.C_Cliente([numCliente],[C_Pessoa_numCC]) VALUES(29,13257972);
INSERT INTO CruzeirosDB.C_Cliente([numCliente],[C_Pessoa_numCC]) VALUES(30,13257973);
INSERT INTO CruzeirosDB.C_Cliente([numCliente],[C_Pessoa_numCC]) VALUES(31,13257974);
INSERT INTO CruzeirosDB.C_Cliente([numCliente],[C_Pessoa_numCC]) VALUES(32,13257975);
INSERT INTO CruzeirosDB.C_Cliente([numCliente],[C_Pessoa_numCC]) VALUES(33,13257976);
INSERT INTO CruzeirosDB.C_Cliente([numCliente],[C_Pessoa_numCC]) VALUES(34,13257977);
INSERT INTO CruzeirosDB.C_Cliente([numCliente],[C_Pessoa_numCC]) VALUES(35,13257978);
INSERT INTO CruzeirosDB.C_Cliente([numCliente],[C_Pessoa_numCC]) VALUES(36,13257979);
INSERT INTO CruzeirosDB.C_Cliente([numCliente],[C_Pessoa_numCC]) VALUES(37,13257980);
INSERT INTO CruzeirosDB.C_Cliente([numCliente],[C_Pessoa_numCC]) VALUES(38,13257981);
INSERT INTO CruzeirosDB.C_Cliente([numCliente],[C_Pessoa_numCC]) VALUES(39,13257982);
INSERT INTO CruzeirosDB.C_Cliente([numCliente],[C_Pessoa_numCC]) VALUES(40,13257983);
INSERT INTO CruzeirosDB.C_Cliente([numCliente],[C_Pessoa_numCC]) VALUES(41,13257984);
INSERT INTO CruzeirosDB.C_Cliente([numCliente],[C_Pessoa_numCC]) VALUES(42,13257985);
INSERT INTO CruzeirosDB.C_Cliente([numCliente],[C_Pessoa_numCC]) VALUES(43,13257986);
INSERT INTO CruzeirosDB.C_Cliente([numCliente],[C_Pessoa_numCC]) VALUES(44,13257987);
INSERT INTO CruzeirosDB.C_Cliente([numCliente],[C_Pessoa_numCC]) VALUES(45,13257988);
INSERT INTO CruzeirosDB.C_Cliente([numCliente],[C_Pessoa_numCC]) VALUES(46,13257989);
INSERT INTO CruzeirosDB.C_Cliente([numCliente],[C_Pessoa_numCC]) VALUES(47,13257990);
INSERT INTO CruzeirosDB.C_Cliente([numCliente],[C_Pessoa_numCC]) VALUES(48,13257991);
INSERT INTO CruzeirosDB.C_Cliente([numCliente],[C_Pessoa_numCC]) VALUES(49,13257992);
INSERT INTO CruzeirosDB.C_Cliente([numCliente],[C_Pessoa_numCC]) VALUES(50,13257993);



--Inserir os valores na tabela C_Reserva,(50) 
INSERT INTO CruzeirosDB.C_Reserva([C_Cliente_C_Pessoa_numCC],[numBilhete],[C_Data],[C_Cruzeiro_numCruzeiro],[nomeCliente]) VALUES(13257944, 1, '2021-01-21', 1,'Berk');
INSERT INTO CruzeirosDB.C_Reserva([C_Cliente_C_Pessoa_numCC],[numBilhete],[C_Data],[C_Cruzeiro_numCruzeiro],[nomeCliente]) VALUES(13257945, 1, '2021-02-26', 2,'Eden');
INSERT INTO CruzeirosDB.C_Reserva([C_Cliente_C_Pessoa_numCC],[numBilhete],[C_Data],[C_Cruzeiro_numCruzeiro],[nomeCliente]) VALUES(13257946, 1, '2021-01-22', 3,'Aaron');
INSERT INTO CruzeirosDB.C_Reserva([C_Cliente_C_Pessoa_numCC],[numBilhete],[C_Data],[C_Cruzeiro_numCruzeiro],[nomeCliente]) VALUES(13257947, 1, '2021-02-13', 4,'Ginger');
INSERT INTO CruzeirosDB.C_Reserva([C_Cliente_C_Pessoa_numCC],[numBilhete],[C_Data],[C_Cruzeiro_numCruzeiro],[nomeCliente]) VALUES(13257948, 1, '2021-01-07', 5,'Jin');
INSERT INTO CruzeirosDB.C_Reserva([C_Cliente_C_Pessoa_numCC],[numBilhete],[C_Data],[C_Cruzeiro_numCruzeiro],[nomeCliente]) VALUES(13257949, 1, '2021-01-04', 6,'Lunea');
INSERT INTO CruzeirosDB.C_Reserva([C_Cliente_C_Pessoa_numCC],[numBilhete],[C_Data],[C_Cruzeiro_numCruzeiro],[nomeCliente]) VALUES(13257950, 1, '2021-01-29', 7,'McKenzie');
INSERT INTO CruzeirosDB.C_Reserva([C_Cliente_C_Pessoa_numCC],[numBilhete],[C_Data],[C_Cruzeiro_numCruzeiro],[nomeCliente]) VALUES(13257951, 1, '2021-02-13', 8,'Bree');
INSERT INTO CruzeirosDB.C_Reserva([C_Cliente_C_Pessoa_numCC],[numBilhete],[C_Data],[C_Cruzeiro_numCruzeiro],[nomeCliente]) VALUES(13257952, 1, '2021-01-11', 9,'Murphy');
INSERT INTO CruzeirosDB.C_Reserva([C_Cliente_C_Pessoa_numCC],[numBilhete],[C_Data],[C_Cruzeiro_numCruzeiro],[nomeCliente]) VALUES(13257953, 1, '2021-02-23', 10,'Abdul');
INSERT INTO CruzeirosDB.C_Reserva([C_Cliente_C_Pessoa_numCC],[numBilhete],[C_Data],[C_Cruzeiro_numCruzeiro],[nomeCliente]) VALUES(13257954, 1, '2021-01-18', 11,'Preston');
INSERT INTO CruzeirosDB.C_Reserva([C_Cliente_C_Pessoa_numCC],[numBilhete],[C_Data],[C_Cruzeiro_numCruzeiro],[nomeCliente]) VALUES(13257955, 1, '2021-01-11', 12,'Briar');
INSERT INTO CruzeirosDB.C_Reserva([C_Cliente_C_Pessoa_numCC],[numBilhete],[C_Data],[C_Cruzeiro_numCruzeiro],[nomeCliente]) VALUES(13257956, 1, '2021-02-11', 13,'Grady');
INSERT INTO CruzeirosDB.C_Reserva([C_Cliente_C_Pessoa_numCC],[numBilhete],[C_Data],[C_Cruzeiro_numCruzeiro],[nomeCliente]) VALUES(13257957, 1, '2021-02-28', 14,'Alma');
INSERT INTO CruzeirosDB.C_Reserva([C_Cliente_C_Pessoa_numCC],[numBilhete],[C_Data],[C_Cruzeiro_numCruzeiro],[nomeCliente]) VALUES(13257958, 1, '2021-01-04', 15,'Cairo');
INSERT INTO CruzeirosDB.C_Reserva([C_Cliente_C_Pessoa_numCC],[numBilhete],[C_Data],[C_Cruzeiro_numCruzeiro],[nomeCliente]) VALUES(13257959, 1, '2021-01-08', 16,'Jelani');
INSERT INTO CruzeirosDB.C_Reserva([C_Cliente_C_Pessoa_numCC],[numBilhete],[C_Data],[C_Cruzeiro_numCruzeiro],[nomeCliente]) VALUES(13257960, 1, '2021-01-19', 17,'Gloria');
INSERT INTO CruzeirosDB.C_Reserva([C_Cliente_C_Pessoa_numCC],[numBilhete],[C_Data],[C_Cruzeiro_numCruzeiro],[nomeCliente]) VALUES(13257961, 1, '2021-01-16', 18,'Rogan');
INSERT INTO CruzeirosDB.C_Reserva([C_Cliente_C_Pessoa_numCC],[numBilhete],[C_Data],[C_Cruzeiro_numCruzeiro],[nomeCliente]) VALUES(13257962, 1, '2021-01-19', 19,'Kaden');
INSERT INTO CruzeirosDB.C_Reserva([C_Cliente_C_Pessoa_numCC],[numBilhete],[C_Data],[C_Cruzeiro_numCruzeiro],[nomeCliente]) VALUES(13257963, 1, '2021-02-12', 20,'Doris');
INSERT INTO CruzeirosDB.C_Reserva([C_Cliente_C_Pessoa_numCC],[numBilhete],[C_Data],[C_Cruzeiro_numCruzeiro],[nomeCliente]) VALUES(13257964, 1, '2021-01-31', 21,'Daria');
INSERT INTO CruzeirosDB.C_Reserva([C_Cliente_C_Pessoa_numCC],[numBilhete],[C_Data],[C_Cruzeiro_numCruzeiro],[nomeCliente]) VALUES(13257965, 1, '2021-02-14', 22,'Brody');
INSERT INTO CruzeirosDB.C_Reserva([C_Cliente_C_Pessoa_numCC],[numBilhete],[C_Data],[C_Cruzeiro_numCruzeiro],[nomeCliente]) VALUES(13257966, 1, '2021-02-18', 23,'Veronica');
INSERT INTO CruzeirosDB.C_Reserva([C_Cliente_C_Pessoa_numCC],[numBilhete],[C_Data],[C_Cruzeiro_numCruzeiro],[nomeCliente]) VALUES(13257967, 1, '2021-01-30', 24,'Kessie');
INSERT INTO CruzeirosDB.C_Reserva([C_Cliente_C_Pessoa_numCC],[numBilhete],[C_Data],[C_Cruzeiro_numCruzeiro],[nomeCliente]) VALUES(13257968, 1, '2021-02-07', 25,'Camille');
INSERT INTO CruzeirosDB.C_Reserva([C_Cliente_C_Pessoa_numCC],[numBilhete],[C_Data],[C_Cruzeiro_numCruzeiro],[nomeCliente]) VALUES(13257969, 1, '2021-01-01', 26,'Benjamin');
INSERT INTO CruzeirosDB.C_Reserva([C_Cliente_C_Pessoa_numCC],[numBilhete],[C_Data],[C_Cruzeiro_numCruzeiro],[nomeCliente]) VALUES(13257970, 1, '2021-01-14', 27,'Bertha');
INSERT INTO CruzeirosDB.C_Reserva([C_Cliente_C_Pessoa_numCC],[numBilhete],[C_Data],[C_Cruzeiro_numCruzeiro],[nomeCliente]) VALUES(13257971, 1, '2021-02-16', 28,'Mari');
INSERT INTO CruzeirosDB.C_Reserva([C_Cliente_C_Pessoa_numCC],[numBilhete],[C_Data],[C_Cruzeiro_numCruzeiro],[nomeCliente]) VALUES(13257972, 1, '2021-01-20', 29,'Bevis');
INSERT INTO CruzeirosDB.C_Reserva([C_Cliente_C_Pessoa_numCC],[numBilhete],[C_Data],[C_Cruzeiro_numCruzeiro],[nomeCliente]) VALUES(13257973, 1, '2021-02-09', 30,'Ocean');
INSERT INTO CruzeirosDB.C_Reserva([C_Cliente_C_Pessoa_numCC],[numBilhete],[C_Data],[C_Cruzeiro_numCruzeiro],[nomeCliente]) VALUES(13257974, 1, '2021-02-25', 31,'Thor');
INSERT INTO CruzeirosDB.C_Reserva([C_Cliente_C_Pessoa_numCC],[numBilhete],[C_Data],[C_Cruzeiro_numCruzeiro],[nomeCliente]) VALUES(13257975, 1, '2021-02-16', 32,'Quincy');
INSERT INTO CruzeirosDB.C_Reserva([C_Cliente_C_Pessoa_numCC],[numBilhete],[C_Data],[C_Cruzeiro_numCruzeiro],[nomeCliente]) VALUES(13257976, 1, '2021-01-03', 33,'Jordan');
INSERT INTO CruzeirosDB.C_Reserva([C_Cliente_C_Pessoa_numCC],[numBilhete],[C_Data],[C_Cruzeiro_numCruzeiro],[nomeCliente]) VALUES(13257977, 1, '2021-02-20', 34,'Timothy');
INSERT INTO CruzeirosDB.C_Reserva([C_Cliente_C_Pessoa_numCC],[numBilhete],[C_Data],[C_Cruzeiro_numCruzeiro],[nomeCliente]) VALUES(13257978, 1, '2021-02-24', 35,'Anastasia');
INSERT INTO CruzeirosDB.C_Reserva([C_Cliente_C_Pessoa_numCC],[numBilhete],[C_Data],[C_Cruzeiro_numCruzeiro],[nomeCliente]) VALUES(13257979, 1, '2021-02-05', 36,'Brandon');
INSERT INTO CruzeirosDB.C_Reserva([C_Cliente_C_Pessoa_numCC],[numBilhete],[C_Data],[C_Cruzeiro_numCruzeiro],[nomeCliente]) VALUES(13257980, 1, '2021-01-05', 37,'Jameson');
INSERT INTO CruzeirosDB.C_Reserva([C_Cliente_C_Pessoa_numCC],[numBilhete],[C_Data],[C_Cruzeiro_numCruzeiro],[nomeCliente]) VALUES(13257981, 1, '2021-01-28', 38,'Maile');
INSERT INTO CruzeirosDB.C_Reserva([C_Cliente_C_Pessoa_numCC],[numBilhete],[C_Data],[C_Cruzeiro_numCruzeiro],[nomeCliente]) VALUES(13257982, 1, '2021-01-25', 39,'Baxter');
INSERT INTO CruzeirosDB.C_Reserva([C_Cliente_C_Pessoa_numCC],[numBilhete],[C_Data],[C_Cruzeiro_numCruzeiro],[nomeCliente]) VALUES(13257983, 1, '2021-02-24', 40,'Upton');
INSERT INTO CruzeirosDB.C_Reserva([C_Cliente_C_Pessoa_numCC],[numBilhete],[C_Data],[C_Cruzeiro_numCruzeiro],[nomeCliente]) VALUES(13257984, 1, '2021-01-15', 41,'Cain');
INSERT INTO CruzeirosDB.C_Reserva([C_Cliente_C_Pessoa_numCC],[numBilhete],[C_Data],[C_Cruzeiro_numCruzeiro],[nomeCliente]) VALUES(13257985, 1, '2021-02-27', 42,'Cheyenne');
INSERT INTO CruzeirosDB.C_Reserva([C_Cliente_C_Pessoa_numCC],[numBilhete],[C_Data],[C_Cruzeiro_numCruzeiro],[nomeCliente]) VALUES(13257986, 1, '2021-02-28', 43,'Shafira');
INSERT INTO CruzeirosDB.C_Reserva([C_Cliente_C_Pessoa_numCC],[numBilhete],[C_Data],[C_Cruzeiro_numCruzeiro],[nomeCliente]) VALUES(13257987, 1, '2021-02-13', 44,'Tyler');
INSERT INTO CruzeirosDB.C_Reserva([C_Cliente_C_Pessoa_numCC],[numBilhete],[C_Data],[C_Cruzeiro_numCruzeiro],[nomeCliente]) VALUES(13257988, 1, '2021-01-24', 45,'Mohammad');
INSERT INTO CruzeirosDB.C_Reserva([C_Cliente_C_Pessoa_numCC],[numBilhete],[C_Data],[C_Cruzeiro_numCruzeiro],[nomeCliente]) VALUES(13257989, 1, '2021-01-11', 46,'Wynne');
INSERT INTO CruzeirosDB.C_Reserva([C_Cliente_C_Pessoa_numCC],[numBilhete],[C_Data],[C_Cruzeiro_numCruzeiro],[nomeCliente]) VALUES(13257990, 1, '2021-02-04', 47,'Dahlia');
INSERT INTO CruzeirosDB.C_Reserva([C_Cliente_C_Pessoa_numCC],[numBilhete],[C_Data],[C_Cruzeiro_numCruzeiro],[nomeCliente]) VALUES(13257991, 1, '2021-02-23', 48,'Ralph');
INSERT INTO CruzeirosDB.C_Reserva([C_Cliente_C_Pessoa_numCC],[numBilhete],[C_Data],[C_Cruzeiro_numCruzeiro],[nomeCliente]) VALUES(13257992, 1, '2021-02-23', 49,'Lane');
INSERT INTO CruzeirosDB.C_Reserva([C_Cliente_C_Pessoa_numCC],[numBilhete],[C_Data],[C_Cruzeiro_numCruzeiro],[nomeCliente]) VALUES(13257993, 1, '2021-02-17', 50,'Eric');

--Inserir os valores na tabela C_NavioHotel,(50)
INSERT INTO CruzeirosDB.C_NavioHotel([C_TipoBarco_nomeTipoBarco],[piscina],[numQuartos]) VALUES('Argos',1,49);
INSERT INTO CruzeirosDB.C_NavioHotel([C_TipoBarco_nomeTipoBarco],[piscina],[numQuartos]) VALUES('Cranchi',1,16);
INSERT INTO CruzeirosDB.C_NavioHotel([C_TipoBarco_nomeTipoBarco],[piscina],[numQuartos]) VALUES('Fletcher',1,12);
INSERT INTO CruzeirosDB.C_NavioHotel([C_TipoBarco_nomeTipoBarco],[piscina],[numQuartos]) VALUES('Johnson',0,16);
INSERT INTO CruzeirosDB.C_NavioHotel([C_TipoBarco_nomeTipoBarco],[piscina],[numQuartos]) VALUES('Rinker',1,7);
INSERT INTO CruzeirosDB.C_NavioHotel([C_TipoBarco_nomeTipoBarco],[piscina],[numQuartos]) VALUES('Dufour',0,16);
INSERT INTO CruzeirosDB.C_NavioHotel([C_TipoBarco_nomeTipoBarco],[piscina],[numQuartos]) VALUES('Karnic',1,31);
			
--Inserir os valores na tabela C_IATE,(50)
INSERT INTO CruzeirosDB.C_IATE([C_TipoBarco_nomeTipoBarco],[heliponto],[arCondicionado]) VALUES('Bayliner',0,1);
INSERT INTO CruzeirosDB.C_IATE([C_TipoBarco_nomeTipoBarco],[heliponto],[arCondicionado]) VALUES('FibraMar',1,0);
INSERT INTO CruzeirosDB.C_IATE([C_TipoBarco_nomeTipoBarco],[heliponto],[arCondicionado]) VALUES('SeaDoo',0,0);
INSERT INTO CruzeirosDB.C_IATE([C_TipoBarco_nomeTipoBarco],[heliponto],[arCondicionado]) VALUES('Gobbi',1,0);
INSERT INTO CruzeirosDB.C_IATE([C_TipoBarco_nomeTipoBarco],[heliponto],[arCondicionado]) VALUES('RiaMar',0,1);
INSERT INTO CruzeirosDB.C_IATE([C_TipoBarco_nomeTipoBarco],[heliponto],[arCondicionado]) VALUES('Suzuki',1,0);

--Inserir os valores na tabela C_Tripulante,(50)
INSERT INTO CruzeirosDB.C_Tripulante([numTripulante],[C_Pessoa_numCC]) VALUES(1,13257894);
INSERT INTO CruzeirosDB.C_Tripulante([numTripulante],[C_Pessoa_numCC]) VALUES(2,13257895);
INSERT INTO CruzeirosDB.C_Tripulante([numTripulante],[C_Pessoa_numCC]) VALUES(3,13257896);
INSERT INTO CruzeirosDB.C_Tripulante([numTripulante],[C_Pessoa_numCC]) VALUES(4,13257897);
INSERT INTO CruzeirosDB.C_Tripulante([numTripulante],[C_Pessoa_numCC]) VALUES(5,13257898);
INSERT INTO CruzeirosDB.C_Tripulante([numTripulante],[C_Pessoa_numCC]) VALUES(6,13257899);
INSERT INTO CruzeirosDB.C_Tripulante([numTripulante],[C_Pessoa_numCC]) VALUES(7,13257900);
INSERT INTO CruzeirosDB.C_Tripulante([numTripulante],[C_Pessoa_numCC]) VALUES(8,13257901);
INSERT INTO CruzeirosDB.C_Tripulante([numTripulante],[C_Pessoa_numCC]) VALUES(9,13257902);
INSERT INTO CruzeirosDB.C_Tripulante([numTripulante],[C_Pessoa_numCC]) VALUES(10,13257903);
INSERT INTO CruzeirosDB.C_Tripulante([numTripulante],[C_Pessoa_numCC]) VALUES(11,13257904);
INSERT INTO CruzeirosDB.C_Tripulante([numTripulante],[C_Pessoa_numCC]) VALUES(12,13257905);
INSERT INTO CruzeirosDB.C_Tripulante([numTripulante],[C_Pessoa_numCC]) VALUES(13,13257906);
INSERT INTO CruzeirosDB.C_Tripulante([numTripulante],[C_Pessoa_numCC]) VALUES(14,13257907);
INSERT INTO CruzeirosDB.C_Tripulante([numTripulante],[C_Pessoa_numCC]) VALUES(15,13257908);
INSERT INTO CruzeirosDB.C_Tripulante([numTripulante],[C_Pessoa_numCC]) VALUES(16,13257909);
INSERT INTO CruzeirosDB.C_Tripulante([numTripulante],[C_Pessoa_numCC]) VALUES(17,13257910);
INSERT INTO CruzeirosDB.C_Tripulante([numTripulante],[C_Pessoa_numCC]) VALUES(18,13257911);
INSERT INTO CruzeirosDB.C_Tripulante([numTripulante],[C_Pessoa_numCC]) VALUES(19,13257912);
INSERT INTO CruzeirosDB.C_Tripulante([numTripulante],[C_Pessoa_numCC]) VALUES(20,13257913);
INSERT INTO CruzeirosDB.C_Tripulante([numTripulante],[C_Pessoa_numCC]) VALUES(21,13257914);
INSERT INTO CruzeirosDB.C_Tripulante([numTripulante],[C_Pessoa_numCC]) VALUES(22,13257915);
INSERT INTO CruzeirosDB.C_Tripulante([numTripulante],[C_Pessoa_numCC]) VALUES(23,13257916);
INSERT INTO CruzeirosDB.C_Tripulante([numTripulante],[C_Pessoa_numCC]) VALUES(24,13257917);
INSERT INTO CruzeirosDB.C_Tripulante([numTripulante],[C_Pessoa_numCC]) VALUES(25,13257918);
INSERT INTO CruzeirosDB.C_Tripulante([numTripulante],[C_Pessoa_numCC]) VALUES(26,13257919);
INSERT INTO CruzeirosDB.C_Tripulante([numTripulante],[C_Pessoa_numCC]) VALUES(27,13257920);
INSERT INTO CruzeirosDB.C_Tripulante([numTripulante],[C_Pessoa_numCC]) VALUES(28,13257921);
INSERT INTO CruzeirosDB.C_Tripulante([numTripulante],[C_Pessoa_numCC]) VALUES(29,13257922);
INSERT INTO CruzeirosDB.C_Tripulante([numTripulante],[C_Pessoa_numCC]) VALUES(30,13257923);
INSERT INTO CruzeirosDB.C_Tripulante([numTripulante],[C_Pessoa_numCC]) VALUES(31,13257924);
INSERT INTO CruzeirosDB.C_Tripulante([numTripulante],[C_Pessoa_numCC]) VALUES(32,13257925);
INSERT INTO CruzeirosDB.C_Tripulante([numTripulante],[C_Pessoa_numCC]) VALUES(33,13257926);
INSERT INTO CruzeirosDB.C_Tripulante([numTripulante],[C_Pessoa_numCC]) VALUES(34,13257927);
INSERT INTO CruzeirosDB.C_Tripulante([numTripulante],[C_Pessoa_numCC]) VALUES(35,13257928);
INSERT INTO CruzeirosDB.C_Tripulante([numTripulante],[C_Pessoa_numCC]) VALUES(36,13257929);
INSERT INTO CruzeirosDB.C_Tripulante([numTripulante],[C_Pessoa_numCC]) VALUES(37,13257930);
INSERT INTO CruzeirosDB.C_Tripulante([numTripulante],[C_Pessoa_numCC]) VALUES(38,13257931);
INSERT INTO CruzeirosDB.C_Tripulante([numTripulante],[C_Pessoa_numCC]) VALUES(39,13257932);
INSERT INTO CruzeirosDB.C_Tripulante([numTripulante],[C_Pessoa_numCC]) VALUES(40,13257933);
INSERT INTO CruzeirosDB.C_Tripulante([numTripulante],[C_Pessoa_numCC]) VALUES(41,13257934);
INSERT INTO CruzeirosDB.C_Tripulante([numTripulante],[C_Pessoa_numCC]) VALUES(42,13257935);
INSERT INTO CruzeirosDB.C_Tripulante([numTripulante],[C_Pessoa_numCC]) VALUES(43,13257936);
INSERT INTO CruzeirosDB.C_Tripulante([numTripulante],[C_Pessoa_numCC]) VALUES(44,13257937);
INSERT INTO CruzeirosDB.C_Tripulante([numTripulante],[C_Pessoa_numCC]) VALUES(45,13257938);
INSERT INTO CruzeirosDB.C_Tripulante([numTripulante],[C_Pessoa_numCC]) VALUES(46,13257939);
INSERT INTO CruzeirosDB.C_Tripulante([numTripulante],[C_Pessoa_numCC]) VALUES(47,13257940);
INSERT INTO CruzeirosDB.C_Tripulante([numTripulante],[C_Pessoa_numCC]) VALUES(48,13257941);
INSERT INTO CruzeirosDB.C_Tripulante([numTripulante],[C_Pessoa_numCC]) VALUES(49,13257942);
INSERT INTO CruzeirosDB.C_Tripulante([numTripulante],[C_Pessoa_numCC]) VALUES(50,13257943);


--Inserir os valores na tabela C_Trabalha,(50)
INSERT INTO CruzeirosDB.C_Trabalha([C_Cruzeiro_numCruzeiro],[C_Tripulante_C_Pessoa_numCC]) VALUES(1,13257894);
INSERT INTO CruzeirosDB.C_Trabalha([C_Cruzeiro_numCruzeiro],[C_Tripulante_C_Pessoa_numCC]) VALUES(2,13257895);
INSERT INTO CruzeirosDB.C_Trabalha([C_Cruzeiro_numCruzeiro],[C_Tripulante_C_Pessoa_numCC]) VALUES(3,13257896);
INSERT INTO CruzeirosDB.C_Trabalha([C_Cruzeiro_numCruzeiro],[C_Tripulante_C_Pessoa_numCC]) VALUES(4,13257897);
INSERT INTO CruzeirosDB.C_Trabalha([C_Cruzeiro_numCruzeiro],[C_Tripulante_C_Pessoa_numCC]) VALUES(5,13257898);
INSERT INTO CruzeirosDB.C_Trabalha([C_Cruzeiro_numCruzeiro],[C_Tripulante_C_Pessoa_numCC]) VALUES(6,13257899);
INSERT INTO CruzeirosDB.C_Trabalha([C_Cruzeiro_numCruzeiro],[C_Tripulante_C_Pessoa_numCC]) VALUES(7,13257900);
INSERT INTO CruzeirosDB.C_Trabalha([C_Cruzeiro_numCruzeiro],[C_Tripulante_C_Pessoa_numCC]) VALUES(8,13257901);
INSERT INTO CruzeirosDB.C_Trabalha([C_Cruzeiro_numCruzeiro],[C_Tripulante_C_Pessoa_numCC]) VALUES(9,13257902);
INSERT INTO CruzeirosDB.C_Trabalha([C_Cruzeiro_numCruzeiro],[C_Tripulante_C_Pessoa_numCC]) VALUES(10,13257903);
INSERT INTO CruzeirosDB.C_Trabalha([C_Cruzeiro_numCruzeiro],[C_Tripulante_C_Pessoa_numCC]) VALUES(11,13257904);
INSERT INTO CruzeirosDB.C_Trabalha([C_Cruzeiro_numCruzeiro],[C_Tripulante_C_Pessoa_numCC]) VALUES(12,13257905);
INSERT INTO CruzeirosDB.C_Trabalha([C_Cruzeiro_numCruzeiro],[C_Tripulante_C_Pessoa_numCC]) VALUES(13,13257906);
INSERT INTO CruzeirosDB.C_Trabalha([C_Cruzeiro_numCruzeiro],[C_Tripulante_C_Pessoa_numCC]) VALUES(14,13257907);
INSERT INTO CruzeirosDB.C_Trabalha([C_Cruzeiro_numCruzeiro],[C_Tripulante_C_Pessoa_numCC]) VALUES(15,13257908);
INSERT INTO CruzeirosDB.C_Trabalha([C_Cruzeiro_numCruzeiro],[C_Tripulante_C_Pessoa_numCC]) VALUES(16,13257909);
INSERT INTO CruzeirosDB.C_Trabalha([C_Cruzeiro_numCruzeiro],[C_Tripulante_C_Pessoa_numCC]) VALUES(17,13257910);
INSERT INTO CruzeirosDB.C_Trabalha([C_Cruzeiro_numCruzeiro],[C_Tripulante_C_Pessoa_numCC]) VALUES(18,13257911);
INSERT INTO CruzeirosDB.C_Trabalha([C_Cruzeiro_numCruzeiro],[C_Tripulante_C_Pessoa_numCC]) VALUES(19,13257912);
INSERT INTO CruzeirosDB.C_Trabalha([C_Cruzeiro_numCruzeiro],[C_Tripulante_C_Pessoa_numCC]) VALUES(20,13257913);
INSERT INTO CruzeirosDB.C_Trabalha([C_Cruzeiro_numCruzeiro],[C_Tripulante_C_Pessoa_numCC]) VALUES(21,13257914);
INSERT INTO CruzeirosDB.C_Trabalha([C_Cruzeiro_numCruzeiro],[C_Tripulante_C_Pessoa_numCC]) VALUES(22,13257915);
INSERT INTO CruzeirosDB.C_Trabalha([C_Cruzeiro_numCruzeiro],[C_Tripulante_C_Pessoa_numCC]) VALUES(23,13257916);
INSERT INTO CruzeirosDB.C_Trabalha([C_Cruzeiro_numCruzeiro],[C_Tripulante_C_Pessoa_numCC]) VALUES(24,13257917);
INSERT INTO CruzeirosDB.C_Trabalha([C_Cruzeiro_numCruzeiro],[C_Tripulante_C_Pessoa_numCC]) VALUES(25,13257918);
INSERT INTO CruzeirosDB.C_Trabalha([C_Cruzeiro_numCruzeiro],[C_Tripulante_C_Pessoa_numCC]) VALUES(26,13257919);
INSERT INTO CruzeirosDB.C_Trabalha([C_Cruzeiro_numCruzeiro],[C_Tripulante_C_Pessoa_numCC]) VALUES(27,13257920);
INSERT INTO CruzeirosDB.C_Trabalha([C_Cruzeiro_numCruzeiro],[C_Tripulante_C_Pessoa_numCC]) VALUES(28,13257921);
INSERT INTO CruzeirosDB.C_Trabalha([C_Cruzeiro_numCruzeiro],[C_Tripulante_C_Pessoa_numCC]) VALUES(29,13257922);
INSERT INTO CruzeirosDB.C_Trabalha([C_Cruzeiro_numCruzeiro],[C_Tripulante_C_Pessoa_numCC]) VALUES(30,13257923);
INSERT INTO CruzeirosDB.C_Trabalha([C_Cruzeiro_numCruzeiro],[C_Tripulante_C_Pessoa_numCC]) VALUES(31,13257924);
INSERT INTO CruzeirosDB.C_Trabalha([C_Cruzeiro_numCruzeiro],[C_Tripulante_C_Pessoa_numCC]) VALUES(32,13257925);
INSERT INTO CruzeirosDB.C_Trabalha([C_Cruzeiro_numCruzeiro],[C_Tripulante_C_Pessoa_numCC]) VALUES(33,13257926);
INSERT INTO CruzeirosDB.C_Trabalha([C_Cruzeiro_numCruzeiro],[C_Tripulante_C_Pessoa_numCC]) VALUES(34,13257927);
INSERT INTO CruzeirosDB.C_Trabalha([C_Cruzeiro_numCruzeiro],[C_Tripulante_C_Pessoa_numCC]) VALUES(35,13257928);
INSERT INTO CruzeirosDB.C_Trabalha([C_Cruzeiro_numCruzeiro],[C_Tripulante_C_Pessoa_numCC]) VALUES(36,13257929);
INSERT INTO CruzeirosDB.C_Trabalha([C_Cruzeiro_numCruzeiro],[C_Tripulante_C_Pessoa_numCC]) VALUES(37,13257930);
INSERT INTO CruzeirosDB.C_Trabalha([C_Cruzeiro_numCruzeiro],[C_Tripulante_C_Pessoa_numCC]) VALUES(38,13257931);
INSERT INTO CruzeirosDB.C_Trabalha([C_Cruzeiro_numCruzeiro],[C_Tripulante_C_Pessoa_numCC]) VALUES(39,13257932);
INSERT INTO CruzeirosDB.C_Trabalha([C_Cruzeiro_numCruzeiro],[C_Tripulante_C_Pessoa_numCC]) VALUES(40,13257933);
INSERT INTO CruzeirosDB.C_Trabalha([C_Cruzeiro_numCruzeiro],[C_Tripulante_C_Pessoa_numCC]) VALUES(41,13257934);
INSERT INTO CruzeirosDB.C_Trabalha([C_Cruzeiro_numCruzeiro],[C_Tripulante_C_Pessoa_numCC]) VALUES(42,13257935);
INSERT INTO CruzeirosDB.C_Trabalha([C_Cruzeiro_numCruzeiro],[C_Tripulante_C_Pessoa_numCC]) VALUES(43,13257936);
INSERT INTO CruzeirosDB.C_Trabalha([C_Cruzeiro_numCruzeiro],[C_Tripulante_C_Pessoa_numCC]) VALUES(44,13257937);
INSERT INTO CruzeirosDB.C_Trabalha([C_Cruzeiro_numCruzeiro],[C_Tripulante_C_Pessoa_numCC]) VALUES(45,13257938);
INSERT INTO CruzeirosDB.C_Trabalha([C_Cruzeiro_numCruzeiro],[C_Tripulante_C_Pessoa_numCC]) VALUES(46,13257939);
INSERT INTO CruzeirosDB.C_Trabalha([C_Cruzeiro_numCruzeiro],[C_Tripulante_C_Pessoa_numCC]) VALUES(47,13257940);
INSERT INTO CruzeirosDB.C_Trabalha([C_Cruzeiro_numCruzeiro],[C_Tripulante_C_Pessoa_numCC]) VALUES(48,13257941);
INSERT INTO CruzeirosDB.C_Trabalha([C_Cruzeiro_numCruzeiro],[C_Tripulante_C_Pessoa_numCC]) VALUES(49,13257942);
INSERT INTO CruzeirosDB.C_Trabalha([C_Cruzeiro_numCruzeiro],[C_Tripulante_C_Pessoa_numCC]) VALUES(50,13257943);

--Inserir os valores na tabela C_Atraca,(50)
INSERT INTO CruzeirosDB.C_Atraca([C_TipoBarco_nomeTipoBarco],[C_Cais_codigo]) VALUES('Argos',1);
INSERT INTO CruzeirosDB.C_Atraca([C_TipoBarco_nomeTipoBarco],[C_Cais_codigo]) VALUES('Cranchi',2);
INSERT INTO CruzeirosDB.C_Atraca([C_TipoBarco_nomeTipoBarco],[C_Cais_codigo]) VALUES('Fletcher',3);
INSERT INTO CruzeirosDB.C_Atraca([C_TipoBarco_nomeTipoBarco],[C_Cais_codigo]) VALUES('Johnson',4);
INSERT INTO CruzeirosDB.C_Atraca([C_TipoBarco_nomeTipoBarco],[C_Cais_codigo]) VALUES('Rinker',5);
INSERT INTO CruzeirosDB.C_Atraca([C_TipoBarco_nomeTipoBarco],[C_Cais_codigo]) VALUES('Dufour',6);
INSERT INTO CruzeirosDB.C_Atraca([C_TipoBarco_nomeTipoBarco],[C_Cais_codigo]) VALUES('Karnic',7);
INSERT INTO CruzeirosDB.C_Atraca([C_TipoBarco_nomeTipoBarco],[C_Cais_codigo]) VALUES('Bayliner',8);
INSERT INTO CruzeirosDB.C_Atraca([C_TipoBarco_nomeTipoBarco],[C_Cais_codigo]) VALUES('FibraMar',9);
INSERT INTO CruzeirosDB.C_Atraca([C_TipoBarco_nomeTipoBarco],[C_Cais_codigo]) VALUES('SeaDoo',10);
INSERT INTO CruzeirosDB.C_Atraca([C_TipoBarco_nomeTipoBarco],[C_Cais_codigo]) VALUES('Gobbi',11);
INSERT INTO CruzeirosDB.C_Atraca([C_TipoBarco_nomeTipoBarco],[C_Cais_codigo]) VALUES('RiaMar',12);
INSERT INTO CruzeirosDB.C_Atraca([C_TipoBarco_nomeTipoBarco],[C_Cais_codigo]) VALUES('Suzuki',13);
